02G0000001;ANBIMA;02.105.040/0001-23;36.113.876/0001-91;2;11;193;57.900.000,00;01/07/2002;;;TR;;7,4;;Variável;BRCBSCCRI073;672;02.105.040/0001-23;Pulverizado;Residencial;Pulverizado;Compra e Venda;Apartamentos ou Casas;Série Única;Pública;CVM/SRE/CRI/2002-005;300.000,00;01/08/2002;
05D0013710;ANBIMA;02.105.040/0001-23;36.113.876/0001-91;2;22;13;4.017.000,00;01/04/2005;;;TR;;7,66;;Variável;;673;02.105.040/0001-23;Pulverizado;Residencial;Pulverizado;Compra e Venda;Apartamentos ou Casas;Série Única;Pública;CVM/SRE/CRI/2005-008;309.000,00;01/05/2005;
05J0024359;ANBIMA;02.105.040/0001-23;36.113.876/0001-91;2;28;9;2.745.430,11;05/10/2005;;;TR;;14;;Variável;;678;17.298.092/0001-30;Pulverizado;Residencial;Pulverizado;Financiamento Imobiliário;Apartamentos ou Casas;Série Única;Pública;CVM/SRE/CRI/2005-035;305.047,79;05/11/2005;
05J0024360;ANBIMA;02.105.040/0001-23;36.113.876/0001-91;2;29;6;1.954.026,84;06/10/2005;;;TR;;14;;Variável;;679;17.298.092/0001-30;Pulverizado;Residencial;Pulverizado;Financiamento Imobiliário;Apartamentos ou Casas;Série Única;Pública;CVM/SRE/CRI/2005-036;325.671,14;06/11/2005;
05J0024361;ANBIMA;02.105.040/0001-23;36.113.876/0001-91;2;42;11;3.330.529,84;19/10/2005;;;TR;;14;;Variável;;692;17.298.092/0001-30;Pulverizado;Residencial;Pulverizado;Financiamento Imobiliário;Apartamentos ou Casas;Série Única;Pública;CVM/SRE/CRI/2005-053;302.775,44;19/11/2005;
05J0024362;ANBIMA;02.105.040/0001-23;36.113.876/0001-91;2;43;12;3.602.793,36;20/10/2005;;;TR;;14;;Variável;;693;17.298.092/0001-30;Pulverizado;Residencial;Pulverizado;Financiamento Imobiliário;Apartamentos ou Casas;Série Única;Pública;CVM/SRE/CRI/2005-054;300.232,78;20/11/2005;
05J0024363;ANBIMA;02.105.040/0001-23;36.113.876/0001-91;2;27;8;2.588.865,76;04/10/2005;;;TR;;14;;Variável;;677;17.298.092/0001-30;Pulverizado;Residencial;Pulverizado;Financiamento Imobiliário;Apartamentos ou Casas;Série Única;Pública;CVM/SRE/CRI/2005-034;323.608,22;04/11/2005;
05J0024364;ANBIMA;02.105.040/0001-23;36.113.876/0001-91;2;48;13;4.133.914,33;25/10/2005;;;TR;;14;;Variável;;698;17.298.092/0001-30;Pulverizado;Residencial;Pulverizado;Financiamento Imobiliário;Apartamentos ou Casas;Série Única;Pública;CVM/SRE/CRI/2005-059;317.993,41;25/11/2005;
05J0024365;ANBIMA;02.105.040/0001-23;36.113.876/0001-91;2;41;10;3.021.227,50;18/10/2005;;;TR;;14;;Variável;;691;17.298.092/0001-30;Pulverizado;Residencial;Pulverizado;Financiamento Imobiliário;Apartamentos ou Casas;Série Única;Pública;CVM/SRE/CRI/2005-052;302.122,75;18/11/2005;
05J0024366;ANBIMA;02.105.040/0001-23;36.113.876/0001-91;2;44;5;1.602.749,05;21/10/2005;;;TR;;14;;Variável;;694;17.298.092/0001-30;Pulverizado;Residencial;Pulverizado;Financiamento Imobiliário;Apartamentos ou Casas;Série Única;Pública;CVM/SRE/CRI/2005-055;320.549,81;21/11/2005;
05J0024367;ANBIMA;02.105.040/0001-23;36.113.876/0001-91;2;50;16;4.930.254,72;27/10/2005;;;TR;;14;;Variável;;700;17.298.092/0001-30;Pulverizado;Residencial;Pulverizado;Financiamento Imobiliário;Apartamentos ou Casas;Série Única;Pública;CVM/SRE/CRI/2005-061;308.140,92;27/11/2005;
05J0024368;ANBIMA;02.105.040/0001-23;36.113.876/0001-91;2;49;11;3.586.298,87;26/10/2005;;;TR;;14;;Variável;;699;17.298.092/0001-30;Pulverizado;Residencial;Pulverizado;Financiamento Imobiliário;Apartamentos ou Casas;Série Única;Pública;CVM/SRE/CRI/2005-060;326.027,17;26/11/2005;
05J0024369;ANBIMA;02.105.040/0001-23;36.113.876/0001-91;2;45;12;3.647.041,08;22/10/2005;;;TR;;14;;Variável;;695;17.298.092/0001-30;Pulverizado;Residencial;Pulverizado;Financiamento Imobiliário;Apartamentos ou Casas;Série Única;Pública;CVM/SRE/CRI/2005-056;303.920,09;22/11/2005;
05J0024370;ANBIMA;02.105.040/0001-23;36.113.876/0001-91;2;46;9;2.817.480,60;23/10/2005;;;TR;;14;;Variável;;696;17.298.092/0001-30;Pulverizado;Residencial;Pulverizado;Financiamento Imobiliário;Apartamentos ou Casas;Série Única;Pública;CVM/SRE/CRI/2005-057;313.053,40;23/11/2005;
05J0024371;ANBIMA;02.105.040/0001-23;36.113.876/0001-91;2;47;6;1.869.889,26;24/10/2005;;;TR;;14;;Variável;;697;17.298.092/0001-30;Pulverizado;Residencial;Pulverizado;Financiamento Imobiliário;Apartamentos ou Casas;Série Única;Pública;CVM/SRE/CRI/2005-058;311.648,21;24/11/2005;
05J0024372;ANBIMA;02.105.040/0001-23;36.113.876/0001-91;2;40;9;2.878.440,66;17/10/2005;;;TR;;14;;Variável;;690;17.298.092/0001-30;Pulverizado;Residencial;Pulverizado;Financiamento Imobiliário;Apartamentos ou Casas;Série Única;Pública;CVM/SRE/CRI/2005-051;319.826,74;17/11/2005;
05J0024373;ANBIMA;02.105.040/0001-23;36.113.876/0001-91;2;37;5;1.648.678,45;14/10/2005;;;TR;;14;;Variável;;687;17.298.092/0001-30;Pulverizado;Residencial;Pulverizado;Financiamento Imobiliário;Apartamentos ou Casas;Série Única;Pública;CVM/SRE/CRI/2005-047;329.735,69;14/11/2005;
05J0024374;ANBIMA;02.105.040/0001-23;36.113.876/0001-91;2;51;21;6.573.397,95;28/10/2005;;;TR;;14;;Variável;;701;17.298.092/0001-30;Pulverizado;Residencial;Pulverizado;Financiamento Imobiliário;Apartamentos ou Casas;Série Única;Pública;CVM/SRE/CRI/2005-062;313.018,95;28/11/2005;
05J0024375;ANBIMA;02.105.040/0001-23;36.113.876/0001-91;2;30;6;2.022.003,24;07/10/2005;;;TR;;14;;Variável;;680;17.298.092/0001-30;Pulverizado;Residencial;Pulverizado;Financiamento Imobiliário;Apartamentos ou Casas;Série Única;Pública;CVM/SRE/CRI/2005-037;337.000,54;07/11/2005;
05J0024376;ANBIMA;02.105.040/0001-23;36.113.876/0001-91;2;31;7;2.365.586,44;08/10/2005;;;TR;;14;;Variável;;681;17.298.092/0001-30;Pulverizado;Residencial;Pulverizado;Financiamento Imobiliário;Apartamentos ou Casas;Série Única;Pública;CVM/SRE/CRI/2005-038;337.940,92;08/11/2005;
05J0024377;ANBIMA;02.105.040/0001-23;36.113.876/0001-91;2;32;7;2.353.048,95;09/10/2005;;;TR;;14;;Variável;;682;17.298.092/0001-30;Pulverizado;Residencial;Pulverizado;Financiamento Imobiliário;Apartamentos ou Casas;Série Única;Pública;CVM/SRE/CRI/2005-039;336.149,85;09/11/2005;
05J0024378;ANBIMA;02.105.040/0001-23;36.113.876/0001-91;2;33;14;4.441.618,58;10/10/2005;;;TR;;14;;Variável;;683;17.298.092/0001-30;Pulverizado;Residencial;Pulverizado;Financiamento Imobiliário;Apartamentos ou Casas;Série Única;Pública;CVM/SRE/CRI/2005-040;317.258,47;10/11/2005;
05J0024379;ANBIMA;02.105.040/0001-23;36.113.876/0001-91;2;39;9;2.908.499,40;16/10/2005;;;TR;;14;;Variável;;689;17.298.092/0001-30;Pulverizado;Residencial;Pulverizado;Financiamento Imobiliário;Apartamentos ou Casas;Série Única;Pública;CVM/SRE/CRI/2005-050;323.166,60;16/11/2005;
05J0024380;ANBIMA;02.105.040/0001-23;36.113.876/0001-91;2;38;13;3.909.400,17;15/10/2005;;;TR;;14;;Variável;;688;17.298.092/0001-30;Pulverizado;Residencial;Pulverizado;Financiamento Imobiliário;Apartamentos ou Casas;Série Única;Pública;CVM/SRE/CRI/2005-049;300.723,09;15/11/2005;
05J0024381;AMBOS;03.767.538/0001-14;36.113.876/0001-91;1;35;685;205.741.044,65;11/10/2005;11/10/2025;11/04/2006;IPCA;;9,0284;360;Percentual variavel, periodos uniformes, sobre valor remanescente;BRBSCSCRI0W3;513;03.767.538/0001-14;Corporativo;Corporativo;Concentrado;Compra e Venda;Shopping / Lojas;Júnior;Pública;CRI/2005/064;300.351,89;11/11/2005;
05J0024382;ANBIMA;02.105.040/0001-23;36.113.876/0001-91;2;34;8;2.623.048,48;11/10/2005;;;TR;;14;;Variável;;684;17.298.092/0001-30;Pulverizado;Residencial;Pulverizado;Financiamento Imobiliário;Apartamentos ou Casas;Série Única;Pública;CVM/SRE/CRI/2005-041;327.881,06;11/11/2005;
05J0024384;ANBIMA;02.105.040/0001-23;36.113.876/0001-91;2;24;12;3.826.981,56;01/10/2005;;;TR;;14;;Variável;;674;17.298.092/0001-30;Pulverizado;Residencial;Pulverizado;Financiamento Imobiliário;Apartamentos ou Casas;Série Única;Pública;CVM/SRE/CRI/2005-031;318.915,13;01/11/2005;
05J0024385;ANBIMA;02.105.040/0001-23;36.113.876/0001-91;2;25;7;2.292.003,42;02/10/2005;;;TR;;14;;Variável;;675;17.298.092/0001-30;Pulverizado;Residencial;Pulverizado;Financiamento Imobiliário;Apartamentos ou Casas;Série Única;Pública;CVM/SRE/CRI/2005-032;327.429,06;02/11/2005;
05J0024386;ANBIMA;02.105.040/0001-23;36.113.876/0001-91;2;26;10;3.021.146,20;03/10/2005;;;TR;;14;;Variável;;676;17.298.092/0001-30;Pulverizado;Residencial;Pulverizado;Financiamento Imobiliário;Apartamentos ou Casas;Série Única;Pública;CVM/SRE/CRI/2005-033;302.114,62;03/11/2005;
05J0024387;ANBIMA;02.105.040/0001-23;36.113.876/0001-91;2;35;6;2.008.420,86;12/10/2005;;;TR;;14;;Variável;;685;17.298.092/0001-30;Pulverizado;Residencial;Pulverizado;Financiamento Imobiliário;Apartamentos ou Casas;Série Única;Pública;CVM/SRE/CRI/2005-045;334.736,81;12/11/2005;
05J0024388;ANBIMA;02.105.040/0001-23;36.113.876/0001-91;2;36;8;2.599.246,16;13/10/2005;;;TR;;14;;Variável;;686;17.298.092/0001-30;Pulverizado;Residencial;Pulverizado;Financiamento Imobiliário;Apartamentos ou Casas;Série Única;Pública;CVM/SRE/CRI/2005-046;324.905,77;13/11/2005;
05J0024391;AMBOS;03.767.538/0001-14;36.113.876/0001-91;1;34;2.743;822.964.186,20;11/10/2005;11/10/2025;11/04/2006;IPCA;;9,0284;360;Percentual variavel, periodos uniformes, sobre valor remanescente;BRBSCSCRI0V5;513;03.767.538/0001-14;Corporativo;Corporativo;Concentrado;Compra e Venda;Shopping / Lojas;Sênior;Pública;CRI/2005/063;300.023,40;11/11/2005;
07F0006634;AMBOS;03.767.538/0001-14;36.113.876/0001-91;1;68;2;2.571.871,72;13/05/2007;13/02/2028;13/11/2007;IGP-M;;12,6825;360;Percentual variavel, periodos uniformes, sobre valor remanescente;BRBSCSCRI1U5;517;03.767.538/0001-14;Pulverizado;Residencial;Pulverizado;Financiamento Imobiliário;Loteamento;Júnior;Pública;CRI/2007/016;1.285.935,86;13/07/2007;
07F0006635;AMBOS;03.767.538/0001-14;36.113.876/0001-91;1;67;10;10.287.486,90;13/05/2007;13/02/2028;13/11/2007;IGP-M;;11,465;360;Percentual variavel, periodos uniformes, sobre valor remanescente;BRBSCSCRI1T7;517;03.767.538/0001-14;Pulverizado;Residencial;Pulverizado;Financiamento Imobiliário;Loteamento;Sênior;Pública;CRI/2007/015;1.028.748,69;13/07/2007;
07F0006637;AMBOS;03.767.538/0001-14;36.113.876/0001-91;1;72;7;2.135.600,11;13/06/2007;13/06/2022;13/12/2007;IGP-M;;12;360;Percentual variavel, periodos uniformes, sobre valor remanescente;BRBSCSCRI1M2;519;03.767.538/0001-14;Pulverizado;Residencial;Pulverizado;Financiamento Imobiliário;Híbrido;Júnior;Pública;CRI/2007/018;312.887,66;13/06/2008;
07I0012088;AMBOS;03.767.538/0001-14;36.113.876/0001-91;1;75;8;2.599.747,04;13/09/2007;13/05/2022;13/03/2008;IGP-M;;12;360;Percentual variavel, periodos uniformes, sobre valor remanescente;BRBSCSCRI1X9;520;03.767.538/0001-14;Pulverizado;Residencial;Pulverizado;Financiamento Imobiliário;Híbrido;Júnior;Pública;CRI/2007/023;324.968,38;13/09/2008;
07J0010398;ANBIMA;02.105.040/0001-23;36.113.876/0001-91;2;66;1;158.191.547,77;22/10/2007;;;TR;;9,9;;Variável;;702;17.298.092/0001-30;Corporativo;Corporativo;Concentrado;Financiamento Imobiliário;Comercial / Lajes Corporativas;Série Única;Dispensada de Registro na CVM;;158.191.547,77;22/11/2007;
07L0006223;ANBIMA;02.105.040/0001-23;36.113.876/0001-91;2;69;1;41.926.805,53;27/12/2007;;;TR;;9,9;;Variável;;705;17.298.092/0001-30;Corporativo;Corporativo;Concentrado;Financiamento Imobiliário;Comercial / Lajes Corporativas;Série Única;Dispensada de Registro na CVM;;41.926.805,53;15/07/2008;
07L0006224;AMBOS;03.767.538/0001-14;36.113.876/0001-91;1;78;21;21.326.224,71;13/12/2007;13/09/2024;13/06/2008;IGP-M;;11,2617;360;Percentual variavel, periodos variaveis(datas imputadas), sobre valor remanescente;BRBSCSCRI202;522;03.767.538/0001-14;Pulverizado;Residencial;Pulverizado;Financiamento Imobiliário;Híbrido;Série Única;Pública;CRI/2007/030;1.015.534,51;13/02/2008;
07L0006225;ANBIMA;02.105.040/0001-23;36.113.876/0001-91;2;68;1;13.745.207,14;17/12/2007;;;TR;;9,9;;Variável;;704;17.298.092/0001-30;Corporativo;Corporativo;Concentrado;Financiamento Imobiliário;Comercial / Lajes Corporativas;Série Única;Dispensada de Registro na CVM;;13.745.207,14;18/01/2008;
07L0006226;ANBIMA;02.105.040/0001-23;36.113.876/0001-91;2;67;1;93.666.548,85;17/12/2007;;;TR;;10,15;;Variável;;703;17.298.092/0001-30;Corporativo;Corporativo;Concentrado;Financiamento Imobiliário;Comercial / Lajes Corporativas;Série Única;Dispensada de Registro na CVM;;93.666.548,85;18/01/2008;
08A0010106;AMBOS;03.767.538/0001-14;36.113.876/0001-91;1;85;45;13.559.137,65;13/01/2008;13/10/2024;14/07/2008;IGP-M;;11,3823;360;Percentual variavel, periodos uniformes, sobre valor remanescente;BRBSCSCRI228;525;03.767.538/0001-14;Pulverizado;Residencial;Pulverizado;Financiamento Imobiliário;Híbrido;Série Única;Pública;CRI/2008/001;301.314,17;13/02/2008;
08C0014528;ANBIMA;02.105.040/0001-23;36.113.876/0001-91;2;74;1;68.765.853,09;17/03/2008;;;TR;;10,15;;Variável;;707;17.298.092/0001-30;Corporativo;Corporativo;Concentrado;Financiamento Imobiliário;Comercial / Lajes Corporativas;Série Única;Dispensada de Registro na CVM;;68.765.853,09;18/04/2008;
08C0014529;AMBOS;03.767.538/0001-14;36.113.876/0001-91;1;88;25;30.943.324,75;13/03/2008;13/03/2023;15/09/2008;IGP-M;;10,8689;360;Percentual variavel, periodos uniformes, sobre valor remanescente;BRBSCSCRI251;527;03.767.538/0001-14;Pulverizado;Residencial;Pulverizado;Financiamento Imobiliário;Híbrido;Série Única;Pública;CRI/2008/005;1.237.732,99;13/05/2008;
08D0008331;ANBIMA;02.105.040/0001-23;36.113.876/0001-91;2;76;1;46.179.652,10;28/04/2008;;;TR;;10;;Variável;;708;17.298.092/0001-30;Corporativo;Corporativo;Concentrado;Financiamento Imobiliário;Comercial / Lajes Corporativas;Série Única;Dispensada de Registro na CVM;;46.179.652,10;30/09/2008;
08D0008335;ANBIMA;02.105.040/0001-23;36.113.876/0001-91;2;77;1;13.273.485,49;28/04/2008;;;TR;;9,9;;Variável;;709;17.298.092/0001-30;Corporativo;Corporativo;Concentrado;Financiamento Imobiliário;Comercial / Lajes Corporativas;Série Única;Dispensada de Registro na CVM;;13.273.485,49;28/05/2008;
08E0009426;ANBIMA;02.105.040/0001-23;36.113.876/0001-91;2;79;1;27.529.018,73;30/05/2008;;;TR;;12;;Variável;;710;60.746.948/0001-12;Pulverizado;Residencial;Pulverizado;Financiamento Imobiliário;Apartamentos ou Casas;Série Única;Dispensada de Registro na CVM;;27.529.018,73;01/07/2008;
08E0009429;ANBIMA;02.105.040/0001-23;36.113.876/0001-91;2;80;1;222.897.914,58;30/05/2008;;;TR;;10;;Variável;;711;60.746.948/0001-12;Pulverizado;Residencial;Pulverizado;Financiamento Imobiliário;Apartamentos ou Casas;Série Única;Dispensada de Registro na CVM;;222.897.914,58;01/07/2008;
08F0004194;ANBIMA;02.105.040/0001-23;36.113.876/0001-91;2;81;1;179.870.192,76;26/06/2008;;;TR;;11;;Variável;;712;17.298.092/0001-30;Corporativo;Corporativo;Concentrado;Compra e Venda;Shopping / Lojas;Série Única;Dispensada de Registro na CVM;;179.870.192,76;27/08/2008;
08G0004726;ANBIMA;02.105.040/0001-23;36.113.876/0001-91;2;84;1;30.440.801,12;31/07/2008;;;TR;;12,5;;Variável;;714;60.746.948/0001-12;Pulverizado;Residencial;Pulverizado;Financiamento Imobiliário;Apartamentos ou Casas;Série Única;Dispensada de Registro na CVM;;30.440.801,12;31/08/2008;
08G0004737;ANBIMA;02.105.040/0001-23;36.113.876/0001-91;2;83;1;54.394.947,65;31/07/2008;;;TR;;12;;Variável;;713;60.746.948/0001-12;Pulverizado;Residencial;Pulverizado;Financiamento Imobiliário;Apartamentos ou Casas;Série Única;Dispensada de Registro na CVM;;54.394.947,65;31/08/2008;
08I0013317;AMBOS;03.767.538/0001-14;36.113.876/0001-91;1;106;24;10.055.814,96;13/09/2008;13/10/2028;13/03/2009;IGP-M;;11,711;360;Percentual variavel, periodos uniformes, sobre valor remanescente;BRBSCSCRI2M0;536;03.767.538/0001-14;Pulverizado;Residencial;Pulverizado;Financiamento Imobiliário;Híbrido;Série Única;Pública;CRI/2008/020;418.992,29;13/11/2008;
08J0012973;AMBOS;03.767.538/0001-14;36.113.876/0001-91;1;111;25;47.529.199,75;13/10/2008;13/11/2020;09/04/2009;IGP-M;;11,0775;360;Percentual variavel, periodos uniformes, sobre valor remanescente;BRBSCSCRI2P3;539;03.767.538/0001-14;Pulverizado;Residencial;Pulverizado;Financiamento Imobiliário;Híbrido;Série Única;Pública;CRI/2008/023;1.901.167,99;13/12/2008;
08L0002118;AMBOS;03.767.538/0001-14;36.113.876/0001-91;1;113;50;16.162.899,00;13/12/2008;13/02/2024;05/06/2009;IGP-M;;10,8113;360;Percentual variavel, periodos uniformes, sobre valor remanescente;BRBSCSCRI2R9;540;03.767.538/0001-14;Pulverizado;Residencial;Pulverizado;Financiamento Imobiliário;Híbrido;Série Única;Dispensada de Registro na CVM;;323.257,98;13/03/2009;
09A0007975;ANBIMA;02.105.040/0001-23;36.113.876/0001-91;2;99;1;16.534.048,05;30/01/2009;;;TR;;11;;Variável;;724;60.746.948/0001-12;Pulverizado;Residencial;Pulverizado;Financiamento Imobiliário;Apartamentos ou Casas;Série Única;Dispensada de Registro na CVM;;16.534.048,05;01/03/2009;
09A0007976;ANBIMA;02.105.040/0001-23;36.113.876/0001-91;2;100;1;10.549.911,03;30/01/2009;;;TR;;11,49;;Variável;;725;60.746.948/0001-12;Pulverizado;Residencial;Pulverizado;Financiamento Imobiliário;Apartamentos ou Casas;Série Única;Dispensada de Registro na CVM;;10.549.911,03;01/03/2009;
09A0007977;ANBIMA;02.105.040/0001-23;36.113.876/0001-91;2;101;1;60.060.616,15;30/01/2009;;;TR;;12;;Variável;;726;60.746.948/0001-12;Pulverizado;Residencial;Pulverizado;Financiamento Imobiliário;Apartamentos ou Casas;Série Única;Dispensada de Registro na CVM;;60.060.616,15;01/03/2009;
09A0007979;ANBIMA;02.105.040/0001-23;36.113.876/0001-91;2;102;1;10.354.078,19;30/01/2009;;;TR;;13,5;;Variável;;727;60.746.948/0001-12;Pulverizado;Residencial;Pulverizado;Financiamento Imobiliário;Apartamentos ou Casas;Série Única;Dispensada de Registro na CVM;;10.354.078,19;01/03/2009;
09B0002128;AMBOS;03.767.538/0001-14;36.113.876/0001-91;1;116;50;19.408.211,00;13/02/2009;13/09/2033;11/08/2009;IGP-M;;10,9338;360;Percentual variavel, periodos uniformes, sobre valor remanescente;BRBSCSCRI2T5;542;03.767.538/0001-14;Pulverizado;Residencial;Pulverizado;Financiamento Imobiliário;Híbrido;Série Única;Pública;CRI/2009/001;388.164,22;13/04/2009;
09B0004233;ANBIMA;02.105.040/0001-23;36.113.876/0001-91;2;105;1;107.679.868,88;27/02/2009;;;Prefixado;;13,99;;Variável;;729;60.746.948/0001-12;Pulverizado;Residencial;Pulverizado;Financiamento Imobiliário;Apartamentos ou Casas;Série Única;Dispensada de Registro na CVM;;107.679.868,88;01/04/2009;
09C0005309;AMBOS;03.767.538/0001-14;36.113.876/0001-91;1;117;24;7.477.369,68;20/03/2009;20/08/2027;11/09/2009;IGP-M;;10,9735;360;Percentual variavel, periodos uniformes, sobre valor remanescente;BRBSCSCRI2U3;543;03.767.538/0001-14;Pulverizado;Residencial;Pulverizado;Financiamento Imobiliário;Híbrido;Série Única;Pública;CRI/2009/010;311.557,07;20/05/2009;
09C0011797;ANBIMA;02.105.040/0001-23;36.113.876/0001-91;2;107;1;27.405.267,61;31/03/2009;;;TR;;14;;Variável;;731;60.746.948/0001-12;Pulverizado;Residencial;Pulverizado;Financiamento Imobiliário;Apartamentos ou Casas;Série Única;Dispensada de Registro na CVM;;27.405.267,61;01/05/2009;
09C0011798;ANBIMA;02.105.040/0001-23;36.113.876/0001-91;2;108;1;12.741.573,77;31/03/2009;;;TR;;15;;Variável;;732;60.746.948/0001-12;Pulverizado;Residencial;Pulverizado;Financiamento Imobiliário;Apartamentos ou Casas;Série Única;Dispensada de Registro na CVM;;12.741.573,77;01/05/2009;
09C0011799;ANBIMA;02.105.040/0001-23;36.113.876/0001-91;2;109;1;9.697.690,95;31/03/2009;;;TR;;16;;Variável;;733;60.746.948/0001-12;Pulverizado;Residencial;Pulverizado;Financiamento Imobiliário;Apartamentos ou Casas;Série Única;Dispensada de Registro na CVM;;9.697.690,95;01/05/2009;
09C0011800;ANBIMA;02.105.040/0001-23;36.113.876/0001-91;2;110;1;14.246.641,60;31/03/2009;;;Prefixado;;13;;Variável;;734;60.746.948/0001-12;Pulverizado;Residencial;Pulverizado;Financiamento Imobiliário;Apartamentos ou Casas;Série Única;Dispensada de Registro na CVM;;14.246.641,60;01/05/2009;
09C0011804;ANBIMA;02.105.040/0001-23;36.113.876/0001-91;2;112;1;21.331.130,10;31/03/2009;;;Prefixado;;15;;Variável;;736;60.746.948/0001-12;Pulverizado;Residencial;Pulverizado;Financiamento Imobiliário;Apartamentos ou Casas;Série Única;Dispensada de Registro na CVM;;21.331.130,10;01/05/2009;
09C0011807;ANBIMA;02.105.040/0001-23;36.113.876/0001-91;2;106;1;7.952.950,03;31/03/2009;;;TR;;13;;Variável;;730;60.746.948/0001-12;Pulverizado;Residencial;Pulverizado;Financiamento Imobiliário;Apartamentos ou Casas;Série Única;Dispensada de Registro na CVM;;7.952.950,03;01/05/2009;
09C0011809;ANBIMA;02.105.040/0001-23;36.113.876/0001-91;2;111;1;5.585.343,31;31/03/2009;;;Prefixado;;14;;Variável;;735;60.746.948/0001-12;Pulverizado;Residencial;Pulverizado;Financiamento Imobiliário;Apartamentos ou Casas;Série Única;Dispensada de Registro na CVM;;5.585.343,31;01/05/2009;
09C0012604;ANBIMA;02.105.040/0001-23;36.113.876/0001-91;2;113;1;42.210.129,72;31/03/2009;;;Prefixado;;16;;Variável;;737;60.746.948/0001-12;Pulverizado;Residencial;Pulverizado;Financiamento Imobiliário;Apartamentos ou Casas;Série Única;Dispensada de Registro na CVM;;42.210.129,72;01/05/2009;
09D0002442;AMBOS;03.767.538/0001-14;36.113.876/0001-91;1;118;71;105.258.886,63;01/04/2009;01/02/2021;18/09/2009;IGP-M;;7,4716;360;Percentual variavel, periodos uniformes, sobre valor remanescente;BRBSCSCRI2V1;544;03.767.538/0001-14;Corporativo;Corporativo;Concentrado;Compra e Venda;Shopping / Lojas;Sênior;Pública;CRI/2009/011;1.482.519,53;01/05/2009;
09D0002570;AMBOS;03.767.538/0001-14;36.113.876/0001-91;1;119;35;35.000.000,00;01/04/2009;01/02/2021;18/09/2009;IGP-M;;7,4716;360;Percentual variavel, periodos uniformes, sobre valor remanescente;BRBSCSCRI2W9;544;03.767.538/0001-14;Corporativo;Corporativo;Concentrado;Compra e Venda;Shopping / Lojas;Júnior;Pública;CRI/2009/012;1.000.000,00;01/05/2009;
09D0007414;AMBOS;03.767.538/0001-14;36.113.876/0001-91;1;120;25;12.075.869,00;20/04/2009;20/06/2023;30/09/2009;IGP-M;;10,9556;360;Percentual variavel, periodos uniformes, sobre valor remanescente;BRBSCSCRI2X7;545;03.767.538/0001-14;Pulverizado;Residencial;Pulverizado;Financiamento Imobiliário;Híbrido;Série Única;Pública;CRI/2009/013;483.034,76;20/06/2009;
09D0016705;AMBOS;03.767.538/0001-14;36.113.876/0001-91;1;122;54;16.495.283,88;20/04/2009;20/10/2028;17/09/2009;TR;;8,4434;360;Percentual variavel, periodos uniformes, sobre valor remanescente;BRBSCSCRI2Y5;546;03.767.538/0001-14;Pulverizado;Residencial;Pulverizado;Financiamento Imobiliário;Híbrido;Série Única;Pública;CRI/2009/015;305.468,22;20/07/2009;
09F0014788;AMBOS;03.767.538/0001-14;36.113.876/0001-91;1;123;25;13.833.756,75;20/06/2009;20/06/2025;18/12/2009;IGP-M;;10,8104;360;Percentual variavel, periodos uniformes, sobre valor remanescente;BRBSCSCRI327;547;03.767.538/0001-14;Pulverizado;Residencial;Pulverizado;Financiamento Imobiliário;Híbrido;Série Única;Pública;CRI/2009/022;553.350,27;20/08/2009;
09H0007932;AMBOS;03.767.538/0001-14;36.113.876/0001-91;1;125;25;14.899.278,75;20/08/2009;20/08/2029;05/02/2010;IGP-M;;11,0366;360;Percentual variavel, periodos uniformes, sobre valor remanescente;BRBSCSCRI343;549;03.767.538/0001-14;Pulverizado;Híbrido;Pulverizado;Financiamento Imobiliário;Híbrido;Série Única;Pública;CRI/2009/025;595.971,15;20/10/2009;
09J0008264;AMBOS;03.767.538/0001-14;36.113.876/0001-91;1;127;25;10.718.884,25;20/10/2009;20/06/2029;19/03/2010;IGP-M;;11,4673;360;Percentual variavel, periodos uniformes, sobre valor remanescente;BRBSCSCRI376;550;03.767.538/0001-14;Pulverizado;Híbrido;Pulverizado;Financiamento Imobiliário;Híbrido;Série Única;Pública;CRI/2009/033;428.755,37;20/12/2009;
09J0012076;AMBOS;03.767.538/0001-14;36.113.876/0001-91;1;128;75;75.000.000,00;27/10/2009;31/10/2023;16/04/2010;TR;;11,3809;360;Percentual variavel, periodos variaveis(datas imputadas), sobre valor remanescente;BRBSCSCRI384;551;17.298.092/0001-30;Corporativo;Corporativo;Concentrado;Compra e Venda;Outros;Série Única;Pública de Esforços Restritos;;1.000.000,00;01/12/2009;
09J0016949;AMBOS;03.767.538/0001-14;36.113.876/0001-91;1;130;80;24.112.912,80;20/10/2009;20/08/2039;19/03/2010;IGP-M;;10,1646;360;Percentual variavel, periodos uniformes, sobre valor remanescente;BRBSCSCRI392;553;03.767.538/0001-14;Pulverizado;Híbrido;Pulverizado;Financiamento Imobiliário;Híbrido;Sênior;Pública;CRI/2009/035;301.411,41;20/01/2010;
09J0016950;AMBOS;03.767.538/0001-14;36.113.876/0001-91;1;131;9;2.980.247,58;20/10/2009;20/08/2039;19/03/2010;IGP-M;;11,6589;360;Percentual variavel, periodos uniformes, sobre valor remanescente;BRBSCSCRI3A3;553;03.767.538/0001-14;Pulverizado;Híbrido;Pulverizado;Financiamento Imobiliário;Híbrido;Júnior;Pública;CRI/2009/036;331.138,62;20/06/2010;
09K0006041;AMBOS;03.767.538/0001-14;36.113.876/0001-91;1;132;25;16.465.841,50;13/11/2009;13/02/2022;30/04/2010;IGP-M;;11,0448;360;Percentual variavel, periodos uniformes, sobre valor remanescente;BRBSCSCRI3C9;554;03.767.538/0001-14;Pulverizado;Residencial;Pulverizado;Financiamento Imobiliário;Híbrido;Série Única;Pública;CRI/2009/037;658.633,66;13/01/2010;
09K0014821;ANBIMA;02.105.040/0001-23;36.113.876/0001-91;2;124;1;40.000.000,00;27/11/2009;;;TR;;11;;Variável;;738;60.746.948/0001-12;Corporativo;Corporativo;Concentrado;Locação;Comercial / Lajes Corporativas;Série Única;Dispensada de Registro na CVM;;40.000.000,00;29/12/2009;
09L0003557;ANBIMA;02.105.040/0001-23;36.113.876/0001-91;2;125;1;11.183.370,50;07/12/2009;;;IGP-M;;9;;Variável;;739;60.746.948/0001-12;Pulverizado;Residencial;Pulverizado;Compra e Venda;Híbrido;Série Única;Dispensada de Registro na CVM;;11.183.370,50;07/01/2010;
09L0003558;ANBIMA;02.105.040/0001-23;36.113.876/0001-91;2;126;1;18.441.266,83;07/12/2009;;;IGP-M;;9;;Variável;;740;60.746.948/0001-12;Pulverizado;Residencial;Pulverizado;Compra e Venda;Híbrido;Série Única;Dispensada de Registro na CVM;;18.441.266,83;07/01/2010;
10B0025005;AMBOS;02.105.040/0001-23;36.113.876/0001-91;2;130;1;8.586.697,29;05/02/2010;05/05/2023;05/07/2010;IGP-M;;11;360;Percentual variavel, periodos variaveis(datas imputadas), sobre valor remanescente;BRCBSCCRI0M2;744;60.746.948/0001-12;Pulverizado;Residencial;Pulverizado;Compra e Venda;Loteamento;Série Única;Dispensada de Registro na CVM;;8.586.697,29;05/04/2010;
10C0010299;ANBIMA;02.105.040/0001-23;36.113.876/0001-91;2;129;1;16.053.153,32;11/03/2010;;;TR;;10,5;;Variável;BRCBSCCRI0L4;743;60.746.948/0001-12;Corporativo;Corporativo;Concentrado;Locação;Comercial / Lajes Corporativas;Série Única;Dispensada de Registro na CVM;;16.053.153,32;06/04/2010;
10C0015085;AMBOS;03.767.538/0001-14;36.113.876/0001-91;1;155;25;29.877.797,00;13/03/2010;13/06/2030;12/08/2010;IGP-M;;13,3131;360;Percentual variavel, periodos uniformes, sobre valor remanescente;BRBSCSCRI3X5;557;03.767.538/0001-14;Pulverizado;Corporativo;Pulverizado;Compra e Venda;Híbrido;Série Única;Pública;CRI/2010/021;1.195.111,88;13/07/2010;
10D0018445;AMBOS;03.767.538/0001-14;36.113.876/0001-91;1;159;21;21.466.529,91;13/04/2010;13/01/2024;10/09/2010;IGP-M;;10,6856;360;Percentual variavel, periodos uniformes, sobre valor remanescente;BRBSCSCRI418;560;03.767.538/0001-14;Pulverizado;Residencial;Pulverizado;Financiamento Imobiliário;Comercial / Lajes Corporativas;Série Única;Pública;CRI/2010/023;1.022.215,71;15/09/2010;
10E0020679;AMBOS;02.105.040/0001-23;17.343.682/0001-38;2;133;1;49.699.607,78;13/05/2010;01/06/2025;09/11/2010;IGP-DI;;7;360;Percentual variavel, periodos uniformes, sobre valor remanescente;BRCBSCCRI0N0;747;60.746.948/0001-12;Corporativo;Corporativo;Concentrado;Compra e Venda;Shopping / Lojas;Série Única;Pública de Esforços Restritos;;49.699.607,78;01/07/2012;
10E0022938;AMBOS;03.767.538/0001-14;36.113.876/0001-91;1;162;11;11.013.999,37;13/05/2010;13/03/2024;08/10/2010;IGP-M;;11,3106;360;Percentual variavel, periodos uniformes, sobre valor remanescente;BRBSCSCRI426;563;03.767.538/0001-14;Pulverizado;Híbrido;Pulverizado;Financiamento Imobiliário;Híbrido;Série Única;Pública;CRI/2010/027;1.001.272,67;13/07/2010;
10E0027437;ANBIMA;02.105.040/0001-23;36.113.876/0001-91;2;134;1;20.000.000,00;21/05/2010;;;TR;;10,5;;Variável;BRCBSCCRI0O8;748;60.746.948/0001-12;Corporativo;Corporativo;Concentrado;Locação;Comercial / Lajes Corporativas;Série Única;Pública de Esforços Restritos;;20.000.000,00;10/06/2010;
10E0027441;AMBOS;02.105.040/0001-23;36.113.876/0001-91;2;132;1;6.554.408,28;05/05/2010;05/07/2023;01/11/2010;IPCA;;11;360;Percentual variavel, periodos variaveis(datas imputadas), sobre valor remanescente;BRCBSCCRI0P5;746;60.746.948/0001-12;Pulverizado;Residencial;Pulverizado;Compra e Venda;Loteamento;Série Única;Dispensada de Registro na CVM;;6.554.408,28;05/07/2010;
10F0021385;ANBIMA;02.105.040/0001-23;36.113.876/0001-91;2;135;1;54.704.202,68;17/06/2010;;;TR;;12;;Variável;BRCBSCCRI0Q3;749;60.746.948/0001-12;Corporativo;Corporativo;Concentrado;Locação;Comercial / Lajes Corporativas;Série Única;Pública de Esforços Restritos;;54.704.202,68;17/07/2010;
10F0026396;AMBOS;02.105.040/0001-23;36.113.876/0001-91;2;136;1;10.025.603,40;30/06/2010;30/09/2023;27/12/2010;IPCA;;11;360;Percentual variavel, periodos variaveis(datas imputadas), sobre valor remanescente;BRCBSCCRI0T7;750;60.746.948/0001-12;Pulverizado;Residencial;Pulverizado;Compra e Venda;Loteamento;Série Única;Dispensada de Registro na CVM;;10.025.603,40;30/08/2010;
10G0019826;AMBOS;03.767.538/0001-14;36.113.876/0001-91;1;167;13;13.045.047,34;13/07/2010;13/07/2025;08/01/2011;IGP-M;;10,6754;360;Percentual variavel, periodos uniformes, sobre valor remanescente;BRBSCSCRI4B9;564;03.767.538/0001-14;Pulverizado;Residencial;Pulverizado;Financiamento Imobiliário;Loteamento;Série Única;Pública;CRI/2010/032;1.003.465,18;13/02/2011;
10G0020942;AMBOS;03.767.538/0001-14;36.113.876/0001-91;1;169;33;9.904.580,40;13/07/2010;13/06/2040;08/01/2011;IGP-M;;8,893;360;Percentual variavel, periodos variaveis(datas imputadas), sobre valor remanescente;BRBSCSCRI475;566;03.767.538/0001-14;Pulverizado;Híbrido;Pulverizado;Financiamento Imobiliário;Híbrido;Sênior;Pública;CRI/2010/035;300.138,80;13/09/2010;05.803.488/0001-09
10G0020945;AMBOS;03.767.538/0001-14;36.113.876/0001-91;1;172;3;1.100.073,84;13/07/2010;13/06/2040;08/01/2011;IGP-M;;27,97;360;Percentual variavel, periodos variaveis(datas imputadas), sobre valor remanescente;BRBSCSCRI4A1;567;03.767.538/0001-14;Pulverizado;Híbrido;Pulverizado;Financiamento Imobiliário;Híbrido;Júnior;Pública;CRI/2010/034;366.691,28;13/02/2011;
10G0020957;AMBOS;03.767.538/0001-14;36.113.876/0001-91;1;170;3;1.100.508,93;13/07/2010;13/06/2040;08/01/2011;IGP-M;;31,32;360;Percentual variavel, periodos variaveis(datas imputadas), sobre valor remanescente;BRBSCSCRI483;566;03.767.538/0001-14;Pulverizado;Híbrido;Pulverizado;Financiamento Imobiliário;Híbrido;Júnior;Pública;CRI/2010/036;366.836,31;13/02/2011;
10I0020235;AMBOS;03.767.538/0001-14;36.113.876/0001-91;1;181;21;6.378.832,53;20/09/2010;20/08/2040;18/03/2011;IGP-M;;32,1304;360;Percentual variavel, periodos uniformes, sobre valor remanescente;BRBSCSCRI4F0;572;12.320.349/0001-90;Pulverizado;Híbrido;Pulverizado;Financiamento Imobiliário;Híbrido;Júnior;Pública;CRI/2010/041;303.753,93;20/04/2011;01.813.375/0001-33
10I0026280;ANBIMA;02.105.040/0001-23;36.113.876/0001-91;2;139;1;7.500.000,00;22/09/2010;;;IGP-M;;9,2;;Variável;BRCBSCCRI0U5;751;60.746.948/0001-12;Pulverizado;Corporativo;Pulverizado;Locação;Shopping / Lojas;Série Única;Pública de Esforços Restritos;;7.500.000,00;25/10/2010;
10I0026352;ANBIMA;02.105.040/0001-23;36.113.876/0001-91;2;142;1;17.879.931,42;27/09/2010;;;IGP-M;;12;;Variável;BRCBSCCRI0W1;753;60.746.948/0001-12;Pulverizado;Residencial;Pulverizado;Compra e Venda;Loteamento;Série Única;Pública de Esforços Restritos;;17.879.931,42;27/10/2010;
10K0024718;AMBOS;03.767.538/0001-14;36.113.876/0001-91;1;186;40;12.267.260,80;20/11/2010;20/10/2030;18/05/2011;IGP-M;;8,9916;360;Percentual variavel, periodos uniformes, sobre valor remanescente;BRBSCSCRI4I4;576;03.767.538/0001-14;Pulverizado;Híbrido;Pulverizado;Financiamento Imobiliário;Híbrido;Sênior;Pública;CRI/2010/046;306.681,52;20/02/2011;05.803.488/0001-09
10K0024721;AMBOS;03.767.538/0001-14;36.113.876/0001-91;1;187;4;1.363.028,96;20/11/2010;20/10/2030;18/05/2011;IGP-M;;28,4835;360;Percentual variavel, periodos uniformes, sobre valor remanescente;BRBSCSCRI4J2;576;03.767.538/0001-14;Pulverizado;Híbrido;Pulverizado;Financiamento Imobiliário;Híbrido;Júnior;Pública;CRI/2010/047;340.757,24;20/07/2011;
10K0034655;AMBOS;02.105.040/0001-23;36.113.876/0001-91;2;145;1;14.859.147,34;15/11/2010;17/11/2021;14/05/2011;IPCA;;9,15;360;Percentual variavel, periodos uniformes, sobre valor remanescente;BRCBSCCRI0Y7;754;60.746.948/0001-12;Corporativo;Corporativo;Concentrado;Locação;Logístico;Série Única;Pública de Esforços Restritos;;14.859.147,34;19/01/2011;
10L0027006;AMBOS;03.767.538/0001-14;36.113.876/0001-91;1;194;65;19.649.425,90;13/12/2010;13/12/2030;10/06/2011;IGP-M;;8,1;360;Percentual variavel, periodos uniformes, sobre valor remanescente;BRBSCSCRI4Y1;581;03.767.538/0001-14;Pulverizado;Híbrido;Pulverizado;Financiamento Imobiliário;Híbrido;Sênior;Pública;CRI/2010/050;302.298,86;13/02/2011;
10L0027046;AMBOS;03.767.538/0001-14;36.113.876/0001-91;1;195;7;2.183.269,55;13/12/2010;13/12/2030;10/06/2011;IGP-M;;40,4786;360;Percentual variavel, periodos uniformes, sobre valor remanescente;BRBSCSCRI4Z8;581;03.767.538/0001-14;Pulverizado;Híbrido;Pulverizado;Financiamento Imobiliário;Híbrido;Júnior;Pública;CRI/2010/051;311.895,65;13/07/2011;
10L0044223;ANBIMA;02.105.040/0001-23;36.113.876/0001-91;2;141;1;71.037.358,25;06/12/2010;;;IPCA;;8,05;;Variável;BRCBSCCRI131;752;60.746.948/0001-12;Corporativo;Corporativo;Concentrado;Financiamento Imobiliário;Logístico;Série Única;Pública de Esforços Restritos;;71.037.358,25;08/09/2011;
10L0053062;AMBOS;02.105.040/0001-23;36.113.876/0001-91;2;146;1;63.526.419,35;20/12/2010;20/10/2020;18/06/2011;IGP-M;;10,3;360;Percentual variavel, periodos variaveis(datas imputadas), sobre valor remanescente;BRCBSCCRI149;755;60.746.948/0001-12;Pulverizado;Corporativo;Pulverizado;Compra e Venda;Comercial / Lajes Corporativas;Sênior;Pública de Esforços Restritos;;63.526.419,35;21/02/2011;
10L0053065;AMBOS;02.105.040/0001-23;36.113.876/0001-91;2;147;1;7.058.491,04;20/12/2010;20/10/2020;18/06/2011;IGP-M;;28,37;360;Percentual variavel, periodos variaveis(datas imputadas), sobre valor remanescente;BRCBSCCRI156;755;60.746.948/0001-12;Pulverizado;Corporativo;Pulverizado;Compra e Venda;Comercial / Lajes Corporativas;Subordinada;Pública de Esforços Restritos;;7.058.491,04;21/02/2011;
10L0054152;ANBIMA;02.105.040/0001-23;36.113.876/0001-91;2;148;1;181.669.277,49;22/12/2010;;;IGP-M;;7,45;;Variável;BRCBSCCRI0Z4;756;60.746.948/0001-12;Pulverizado;Corporativo;Pulverizado;Compra e Venda;Comercial / Lajes Corporativas;Sênior;Pública de Esforços Restritos;;181.669.277,49;22/01/2011;
10L0054153;ANBIMA;02.105.040/0001-23;36.113.876/0001-91;2;149;1;32.059.284,26;22/12/2010;;;IGP-M;;7,45;;Variável;BRCBSCCRI107;756;60.746.948/0001-12;Pulverizado;Corporativo;Pulverizado;Compra e Venda;Comercial / Lajes Corporativas;Subordinada;Pública de Esforços Restritos;;32.059.284,26;22/01/2011;
11A0018309;AMBOS;03.767.538/0001-14;36.113.876/0001-91;1;196;235;235.528.000,35;20/01/2011;20/09/2026;15/07/2011;TR;;9,6;360;Percentual variavel, periodos uniformes, sobre valor remanescente;BRBSCSCRI4V7;582;03.767.538/0001-14;Pulverizado;Corporativo;Pulverizado;Locação;Comercial / Lajes Corporativas;Série Única;Pública de Esforços Restritos;;1.002.246,81;20/02/2011;
11A0022964;AMBOS;03.767.538/0001-14;36.113.876/0001-91;1;200;9;2.948.635,53;20/01/2011;20/12/2030;18/07/2011;IGP-M;;35,9635;360;Percentual variavel, periodos uniformes, sobre valor remanescente;BRBSCSCRI558;583;03.767.538/0001-14;Pulverizado;Híbrido;Pulverizado;Financiamento Imobiliário;Híbrido;Júnior;Pública;CRI/2011/003;327.626,17;20/08/2011;
11A0022965;AMBOS;03.767.538/0001-14;36.113.876/0001-91;1;199;88;26.537.720,00;20/01/2011;20/12/2030;18/07/2011;IGP-M;;8,1;360;Percentual variavel, periodos uniformes, sobre valor remanescente;BRBSCSCRI541;583;03.767.538/0001-14;Pulverizado;Híbrido;Pulverizado;Financiamento Imobiliário;Híbrido;Sênior;Pública;CRI/2011/002;301.565,00;20/04/2011;
11A0027576;AMBOS;03.767.538/0001-14;36.113.876/0001-91;1;201;139;41.960.758,44;20/01/2011;20/12/2040;18/07/2011;IGP-M;;8;360;Percentual variavel, periodos uniformes, sobre valor remanescente;BRBSCSCRI5G5;584;02.332.886/0001-04;Pulverizado;Híbrido;Pulverizado;Financiamento Imobiliário;Híbrido;Sênior;Pública;CRI/2011/004;301.875,96;20/04/2011;01.813.375/0001-33
11A0027577;AMBOS;03.767.538/0001-14;36.113.876/0001-91;1;202;15;4.662.306,60;20/01/2011;20/12/2040;18/07/2011;IGP-M;;42,1418;360;Percentual variavel, periodos uniformes, sobre valor remanescente;BRBSCSCRI5H3;584;02.332.886/0001-04;Pulverizado;Híbrido;Pulverizado;Financiamento Imobiliário;Híbrido;Júnior;Pública;CRI/2011/005;310.820,44;11/05/2011;
11A0030612;AMBOS;02.105.040/0001-23;36.113.876/0001-91;2;151;1;30.613.629,17;31/01/2011;30/06/2026;30/07/2011;IGP-M;;11;360;Percentual variavel, periodos uniformes, sobre valor remanescente;BRCBSCCRI180;758;60.746.948/0001-12;Pulverizado;Residencial;Pulverizado;Compra e Venda;Loteamento;Série Única;Pública de Esforços Restritos;;30.613.629,17;31/03/2011;
11A0031694;ANBIMA;02.105.040/0001-23;36.113.876/0001-91;2;150;609;204.906.277,59;27/01/2011;;;IGP-DI;;8,35;;Variável;BRCBSCCRI1A5;757;60.746.948/0001-12;Corporativo;Corporativo;Concentrado;Financiamento Imobiliário;Comercial / Lajes Corporativas;Série Única;Pública de Esforços Restritos;;336.463,51;22/04/2013;
11B0022285;ANBIMA;02.105.040/0001-23;36.113.876/0001-91;2;152;1;233.982.359,80;15/02/2011;;;TR;;9,5;;Variável;BRCBSCCRI164;759;60.746.948/0001-12;Corporativo;Corporativo;Concentrado;Locação;Híbrido;Série Única;Pública de Esforços Restritos;;233.982.359,80;13/04/2011;
11B0022300;ANBIMA;02.105.040/0001-23;36.113.876/0001-91;2;153;1;237.017.640,20;15/02/2011;;;TR;;9,5;;Variável;BRCBSCCRI172;760;60.746.948/0001-12;Corporativo;Corporativo;Concentrado;Locação;Híbrido;Série Única;Pública de Esforços Restritos;;237.017.640,20;19/04/2011;
11B0030771;ANBIMA;02.105.040/0001-23;36.113.876/0001-91;2;154;1;228.128.733,53;18/02/2011;;;TR;;9,5;;Variável;;761;60.746.948/0001-12;Corporativo;Corporativo;Concentrado;Locação;Híbrido;Série Única;Pública de Esforços Restritos;;228.128.733,53;13/04/2011;
11B0030809;ANBIMA;02.105.040/0001-23;36.113.876/0001-91;2;155;1;134.000.000,00;18/02/2011;;;TR;;9,5;;Variável;;762;60.746.948/0001-12;Corporativo;Corporativo;Concentrado;Locação;Híbrido;Série Única;Pública de Esforços Restritos;;134.000.000,00;13/04/2011;
11B0030810;ANBIMA;02.105.040/0001-23;36.113.876/0001-91;2;156;1;110.654.175,35;18/02/2011;;;TR;;9,5;;Variável;;763;60.746.948/0001-12;Corporativo;Corporativo;Concentrado;Locação;Híbrido;Série Única;Pública de Esforços Restritos;;110.654.175,35;31/03/2011;
11B0031333;AMBOS;02.105.040/0001-23;17.343.682/0001-38;2;158;1;500.000.000,00;21/02/2011;28/02/2025;20/08/2011;TR;;9,6;360;Percentual variavel, periodos variaveis(datas imputadas), sobre valor remanescente;BRCBSCCRI1B3;765;60.746.948/0001-12;Pulverizado;Corporativo;Pulverizado;Locação;Shopping / Lojas;Série Única;Pública de Esforços Restritos;;500.000.000,00;31/03/2013;
11B0032144;AMBOS;02.105.040/0001-23;17.343.682/0001-38;2;157;1;31.772.517,32;21/02/2011;31/12/2020;20/08/2011;IGP-M;;7,3;360;Percentual variavel, periodos variaveis(datas imputadas), sobre valor remanescente;BRCBSCCRI198;764;60.746.948/0001-12;Corporativo;Corporativo;Concentrado;Locação;Industrial;Série Única;Pública de Esforços Restritos;;31.772.517,32;31/03/2011;
11C0033867;AMBOS;03.767.538/0001-14;36.113.876/0001-91;1;219;71;21.338.576,43;20/03/2011;20/01/2031;13/09/2011;IGP-M;;8,1;360;Percentual variavel, periodos uniformes, sobre valor remanescente;BRBSCSCRI5P6;592;03.767.538/0001-14;Pulverizado;Híbrido;Pulverizado;Financiamento Imobiliário;Híbrido;Sênior;Pública;CRI/2011/013;300.543,33;20/06/2011;01.813.375/0001-33
11C0034300;AMBOS;03.767.538/0001-14;36.113.876/0001-91;1;220;7;2.370.952,92;20/03/2011;20/01/2031;13/09/2011;IGP-M;;38,0122;360;Percentual variavel, periodos uniformes, sobre valor remanescente;BRBSCSCRI5Q4;592;03.767.538/0001-14;Pulverizado;Híbrido;Pulverizado;Financiamento Imobiliário;Híbrido;Júnior;Pública;CRI/2011/014;338.707,56;20/10/2011;
11C0034561;AMBOS;03.767.538/0001-14;36.113.876/0001-91;1;217;41;12.344.350,52;20/03/2011;20/02/2041;13/09/2011;IGP-M;;8;360;Percentual variavel, periodos uniformes, sobre valor remanescente;BRBSCSCRI5N1;591;03.767.538/0001-14;Pulverizado;Híbrido;Pulverizado;Financiamento Imobiliário;Híbrido;Sênior;Pública;CRI/2011/011;301.081,72;20/06/2011;01.813.375/0001-33
11C0034567;AMBOS;03.767.538/0001-14;36.113.876/0001-91;1;218;4;1.371.594,52;20/03/2011;20/02/2041;13/09/2011;IGP-M;;41,7817;360;Percentual variavel, periodos uniformes, sobre valor remanescente;BRBSCSCRI5O9;591;03.767.538/0001-14;Pulverizado;Híbrido;Pulverizado;Financiamento Imobiliário;Híbrido;Júnior;Pública;CRI/2011/012;342.898,63;20/10/2011;
11C0035214;AMBOS;03.767.538/0001-14;36.113.876/0001-91;1;222;3;1.161.240,12;20/03/2011;20/01/2031;13/09/2011;IGP-M;;24,0015;360;Percentual variavel, periodos uniformes, sobre valor remanescente;BRBSCSCRI5K7;593;03.767.538/0001-14;Pulverizado;Híbrido;Pulverizado;Financiamento Imobiliário;Híbrido;Júnior;Pública;CRI/2011/016;387.080,04;20/10/2011;
11C0037882;AMBOS;03.767.538/0001-14;36.113.876/0001-91;1;213;44;22.269.460,78;30/03/2011;31/12/2020;22/09/2011;IPCA;;6,75;252;Percentual variavel, periodos variaveis(datas imputadas), sobre valor remanescente;BRBSCSCRI5F7;589;17.298.092/0001-30;Corporativo;Corporativo;Concentrado;Compra e Venda;Comercial / Lajes Corporativas;Série Única;Pública de Esforços Restritos;;506.124,11;04/05/2011;
11D0026607;AMBOS;03.767.538/0001-14;36.113.876/0001-91;1;224;39;11.826.692,28;20/04/2011;20/02/2031;14/10/2011;IGP-M;;8,1;360;Percentual variavel, periodos uniformes, sobre valor remanescente;BRBSCSCRI5U6;595;03.767.538/0001-14;Pulverizado;Híbrido;Pulverizado;Financiamento Imobiliário;Híbrido;Sênior;Pública;CRI/2011/017;303.248,52;20/07/2011;01.813.375/0001-33
11D0026623;AMBOS;03.767.538/0001-14;36.113.876/0001-91;1;225;4;1.314.076,92;20/04/2011;20/02/2031;14/10/2011;IGP-M;;37,2069;360;Percentual variavel, periodos uniformes, sobre valor remanescente;BRBSCSCRI5V4;595;03.767.538/0001-14;Pulverizado;Híbrido;Pulverizado;Financiamento Imobiliário;Híbrido;Júnior;Pública;CRI/2011/018;328.519,23;20/11/2011;
11D0026633;AMBOS;03.767.538/0001-14;36.113.876/0001-91;1;226;64;19.361.736,96;20/04/2011;20/03/2041;14/10/2011;IGP-M;;8;360;Percentual variavel, periodos uniformes, sobre valor remanescente;BRBSCSCRI5L5;596;03.767.538/0001-14;Pulverizado;Híbrido;Pulverizado;Financiamento Imobiliário;Híbrido;Sênior;Pública;CRI/2011/019;302.527,14;20/07/2011;01.813.375/0001-33
11D0026636;AMBOS;03.767.538/0001-14;36.113.876/0001-91;1;227;7;2.151.304,05;20/04/2011;20/03/2041;14/10/2011;IGP-M;;45,5904;360;Percentual variavel, periodos uniformes, sobre valor remanescente;BRBSCSCRI5M3;596;03.767.538/0001-14;Pulverizado;Híbrido;Pulverizado;Financiamento Imobiliário;Híbrido;Júnior;Pública;CRI/2011/020;307.329,15;20/11/2011;
11E0014083;AMBOS;02.105.040/0001-23;17.343.682/0001-38;2;160;299;99.999.999,84;06/05/2011;06/06/2029;02/11/2011;TR;;9,8;360;Percentual variavel, periodos uniformes, sobre valor remanescente;BRCBSCCRI1C1;767;60.746.948/0001-12;Corporativo;Corporativo;Concentrado;Financiamento Imobiliário;Híbrido;Série Única;Pública de Esforços Restritos;;334.448,16;09/06/2011;
11E0019806;ANBIMA;02.105.040/0001-23;17.343.682/0001-38;2;159;68;22.746.828,92;06/05/2011;;;IGP-M;;9,83;;Variável;BRCBSCCRI1D9;766;60.746.948/0001-12;Corporativo;Corporativo;Concentrado;Locação;Comercial / Lajes Corporativas;Série Única;Pública de Esforços Restritos;;334.512,19;11/07/2011;
11E0026004;AMBOS;03.767.538/0001-14;36.113.876/0001-91;1;233;65;19.528.657,20;20/05/2011;20/04/2041;14/11/2011;IGP-M;;8;360;Percentual variavel, periodos uniformes, sobre valor remanescente;BRBSCSCRI5S0;599;03.767.538/0001-14;Pulverizado;Híbrido;Pulverizado;Financiamento Imobiliário;Híbrido;Sênior;Pública;CRI/2011/022;300.440,88;20/07/2011;01.813.375/0001-33
11E0026005;AMBOS;03.767.538/0001-14;36.113.876/0001-91;1;234;7;2.169.850,76;20/05/2011;20/04/2041;14/11/2011;IGP-M;;43,4137;360;Percentual variavel, periodos uniformes, sobre valor remanescente;BRBSCSCRI5T8;599;03.767.538/0001-14;Pulverizado;Híbrido;Pulverizado;Financiamento Imobiliário;Híbrido;Júnior;Pública;CRI/2011/023;309.978,68;20/12/2011;
11E0030900;AMBOS;02.105.040/0001-23;17.343.682/0001-38;2;161;1;7.236.935,74;31/05/2011;31/10/2020;27/11/2011;IGP-M;;10,77;360;Percentual variavel, periodos variaveis(datas imputadas), sobre valor remanescente;BRCBSCCRI1E7;768;60.746.948/0001-12;Pulverizado;Corporativo;Pulverizado;Compra e Venda;Comercial / Lajes Corporativas;Sênior;Pública de Esforços Restritos;;7.236.935,74;08/09/2011;
11E0030902;AMBOS;02.105.040/0001-23;17.343.682/0001-38;2;162;1;1.081.381,20;31/05/2011;31/10/2020;27/11/2011;IGP-M;;20,5604;360;Percentual variavel, periodos variaveis(datas imputadas), sobre valor remanescente;BRCBSCCRI1F4;768;60.746.948/0001-12;Pulverizado;Corporativo;Pulverizado;Compra e Venda;Comercial / Lajes Corporativas;Subordinada;Pública de Esforços Restritos;;1.081.381,20;08/09/2011;
11F0031126;AMBOS;03.767.538/0001-14;36.113.876/0001-91;1;237;26;7.829.091,66;13/06/2011;13/04/2041;01/12/2011;TR;;10,3242;360;Percentual variavel, periodos uniformes, sobre valor remanescente;BRBSCSCRI5W2;601;03.767.538/0001-14;Pulverizado;Híbrido;Pulverizado;Financiamento Imobiliário;Híbrido;Série Única;Pública;CRI/2011/029;301.118,91;13/08/2011;
11F0031150;AMBOS;03.767.538/0001-14;36.113.876/0001-91;1;238;26;7.819.969,56;13/06/2011;13/01/2031;01/12/2011;PREFIXADO;;15,5943;360;Percentual variavel, periodos uniformes, sobre valor remanescente;BRBSCSCRI5X0;602;03.767.538/0001-14;Pulverizado;Híbrido;Pulverizado;Financiamento Imobiliário;Híbrido;Série Única;Pública;CRI/2011/028;300.768,06;13/08/2011;
11F0031174;AMBOS;03.767.538/0001-14;36.113.876/0001-91;1;239;26;7.802.412,02;13/06/2011;13/04/2031;01/12/2011;PREFIXADO;;16,3612;360;Percentual variavel, periodos uniformes, sobre valor remanescente;BRBSCSCRI5Y8;603;03.767.538/0001-14;Pulverizado;Híbrido;Pulverizado;Financiamento Imobiliário;Híbrido;Série Única;Pública;CRI/2011/030;300.092,77;13/08/2011;
11F0031919;AMBOS;03.767.538/0001-14;36.113.876/0001-91;1;236;7;2.118.022,27;13/06/2011;13/03/2041;10/05/2012;TR;;3,0687;360;Percentual variavel, periodos uniformes, sobre valor remanescente;BRBSCSCRI681;600;12.320.349/0001-90;Pulverizado;Híbrido;Pulverizado;Financiamento Imobiliário;Híbrido;Júnior;Pública;CRI/2011/059;302.574,61;13/01/2012;
11F0031931;AMBOS;03.767.538/0001-14;36.113.876/0001-91;1;235;19.062;19.062.190,62;13/06/2011;13/03/2041;10/05/2012;TR;;11;360;Percentual variavel, periodos uniformes, sobre valor remanescente;BRBSCSCRI673;600;12.320.349/0001-90;Pulverizado;Híbrido;Pulverizado;Financiamento Imobiliário;Híbrido;Sênior;Pública;CRI/2011/058;1.000,01;13/08/2011;01.813.375/0001-33
11F0034534;AMBOS;03.767.538/0001-14;36.113.876/0001-91;1;240;42;12.834.346,98;13/06/2011;13/05/2031;08/12/2011;IGP-M;;8,7;360;Percentual variavel, periodos uniformes, sobre valor remanescente;BRBSCSCRI5Z5;604;03.767.538/0001-14;Pulverizado;Híbrido;Pulverizado;Financiamento Imobiliário;Híbrido;Sênior;Pública;CRI/2011/031;305.579,69;13/08/2011;
11F0034536;AMBOS;03.767.538/0001-14;36.113.876/0001-91;1;241;4;1.426.038,56;13/06/2011;13/05/2031;08/12/2011;IGP-M;;40,9441;360;Percentual variavel, periodos uniformes, sobre valor remanescente;BRBSCSCRI608;604;03.767.538/0001-14;Pulverizado;Híbrido;Pulverizado;Financiamento Imobiliário;Híbrido;Júnior;Pública;CRI/2011/032;356.509,64;13/01/2012;
11F0034556;AMBOS;03.767.538/0001-14;36.113.876/0001-91;1;244;26;7.809.647,30;13/06/2011;13/05/2031;08/12/2011;PREFIXADO;;16,8784;360;Percentual variavel, periodos uniformes, sobre valor remanescente;BRBSCSCRI616;606;03.767.538/0001-14;Pulverizado;Híbrido;Pulverizado;Financiamento Imobiliário;Híbrido;Série Única;Pública;CRI/2011/033;300.371,05;13/08/2011;
11F0039678;AMBOS;03.767.538/0001-14;36.113.876/0001-91;1;243;6;2.069.505,06;13/06/2011;13/04/2031;22/05/2012;PREFIXADO;;52,8781;360;Percentual variavel, periodos uniformes, sobre valor remanescente;BRBSCSCRI6A6;605;12.320.349/0001-90;Pulverizado;Híbrido;Pulverizado;Financiamento Imobiliário;Híbrido;Júnior;Pública;CRI/2011/062;344.917,51;13/01/2012;
11F0039956;AMBOS;03.767.538/0001-14;36.113.876/0001-91;1;246;18;5.424.928,56;20/06/2011;20/08/2040;16/12/2011;IGP-M;;13,6895;360;Percentual variavel, periodos uniformes, sobre valor remanescente;BRBSCSCRI665;607;03.767.538/0001-14;Pulverizado;Híbrido;Pulverizado;Financiamento Imobiliário;Híbrido;Júnior;Pública;CRI/2011/035;301.384,92;20/01/2012;
11F0039975;AMBOS;03.767.538/0001-14;36.113.876/0001-91;1;247;43;13.119.118,11;20/06/2011;20/05/2041;16/12/2011;IGP-M;;8;360;Percentual variavel, periodos uniformes, sobre valor remanescente;BRBSCSCRI632;608;03.767.538/0001-14;Pulverizado;Híbrido;Pulverizado;Financiamento Imobiliário;Híbrido;Sênior;Pública;CRI/2011/036;305.095,77;20/08/2011;01.813.375/0001-33
11F0040500;AMBOS;03.767.538/0001-14;36.113.876/0001-91;1;248;4;1.457.679,76;20/06/2011;20/05/2041;16/12/2011;IGP-M;;44,2532;360;Percentual variavel, periodos uniformes, sobre valor remanescente;BRBSCSCRI640;608;03.767.538/0001-14;Pulverizado;Híbrido;Pulverizado;Financiamento Imobiliário;Híbrido;Júnior;Pública;CRI/2011/037;364.419,94;20/01/2012;
11G0021039;AMBOS;03.767.538/0001-14;36.113.876/0001-91;1;252;13;3.924.916,58;20/07/2011;20/07/2041;13/01/2012;IGP-M;;46,406;360;Percentual variavel, periodos uniformes, sobre valor remanescente;BRBSCSCRI6F5;611;03.767.538/0001-14;Pulverizado;Híbrido;Pulverizado;Financiamento Imobiliário;Híbrido;Júnior;Pública;CRI/2011/040;301.916,66;20/02/2012;
11H0020280;AMBOS;03.767.538/0001-14;36.113.876/0001-91;1;254;8;2.649.618,80;20/08/2011;20/08/2041;22/02/2012;IGP-M;;45,7496;360;Percentual variavel, periodos uniformes, sobre valor remanescente;BRBSCSCRI6I9;612;03.767.538/0001-14;Pulverizado;Híbrido;Pulverizado;Financiamento Imobiliário;Híbrido;Júnior;Pública;CRI/2011/044;331.202,35;20/03/2012;
11H0020284;AMBOS;03.767.538/0001-14;36.113.876/0001-91;1;253;79;23.846.568,70;20/08/2011;20/08/2041;22/02/2012;IGP-M;;8,2;360;Percentual variavel, periodos uniformes, sobre valor remanescente;BRBSCSCRI6H1;612;03.767.538/0001-14;Pulverizado;Híbrido;Pulverizado;Financiamento Imobiliário;Híbrido;Sênior;Pública;CRI/2011/043;301.855,30;20/10/2011;01.813.375/0001-33
11H0022430;AMBOS;03.767.538/0001-14;36.113.876/0001-91;1;255;152;45.704.480,24;20/08/2011;20/02/2041;28/05/2012;PREFIXADO;;12,5;360;Percentual variavel, periodos uniformes, sobre valor remanescente;BRBSCSCRI6J7;613;02.332.886/0001-04;Pulverizado;Híbrido;Pulverizado;Financiamento Imobiliário;Híbrido;Sênior;Pública;CRI/2011/046;300.687,37;20/10/2011;01.813.375/0001-33
11H0022435;AMBOS;03.767.538/0001-14;36.113.876/0001-91;1;256;16;5.078.275,68;20/08/2011;20/02/2041;28/05/2012;PREFIXADO;;32,6066;360;Percentual variavel, periodos uniformes, sobre valor remanescente;BRBSCSCRI6K5;613;02.332.886/0001-04;Pulverizado;Híbrido;Pulverizado;Financiamento Imobiliário;Híbrido;Júnior;Pública;CRI/2011/047;317.392,23;20/03/2012;
11H0026995;ANBIMA;02.105.040/0001-23;17.343.682/0001-38;2;163;66;22.223.597,22;15/08/2011;;;IGP-M;;8,58;;Variável;BRCBSCCRI1G2;769;60.746.948/0001-12;Pulverizado;Corporativo;Pulverizado;Compra e Venda;Comercial / Lajes Corporativas;Sênior;Pública de Esforços Restritos;;336.721,17;15/10/2011;
11H0027010;ANBIMA;02.105.040/0001-23;17.343.682/0001-38;2;164;11;3.921.811,30;15/08/2011;;;IGP-M;;8,58;;Variável;BRCBSCCRI1H0;769;60.746.948/0001-12;Pulverizado;Corporativo;Pulverizado;Compra e Venda;Comercial / Lajes Corporativas;Subordinada;Pública de Esforços Restritos;;356.528,30;15/10/2011;
11I0011471;AMBOS;03.767.538/0001-14;36.113.876/0001-91;1;223;60;23.623.653,34;13/09/2011;09/03/2021;12/03/2012;IPCA;;6,3125;252;Percentual variavel, periodos variaveis(datas imputadas), sobre valor remanescente;BRBSCSCRI6L3;594;17.298.092/0001-30;Corporativo;Corporativo;Concentrado;Locação;Comercial / Lajes Corporativas;Série Única;Pública de Esforços Restritos;;100.100,23;07/10/2011;
11I0016821;AMBOS;03.767.538/0001-14;36.113.876/0001-91;1;257;42;12.713.194,20;20/09/2011;20/08/2041;23/06/2012;IGP-M;;8;360;Percentual variavel, periodos uniformes, sobre valor remanescente;BRBSCSCRI6M1;614;03.767.538/0001-14;Pulverizado;Híbrido;Pulverizado;Financiamento Imobiliário;Híbrido;Sênior;Pública;CRI/2011/050;302.695,10;20/11/2011;01.813.375/0001-33
11I0017007;AMBOS;03.767.538/0001-14;36.113.876/0001-91;1;258;4;1.412.577,16;20/09/2011;20/08/2041;23/06/2012;IGP-M;;46,3348;360;Percentual variavel, periodos uniformes, sobre valor remanescente;BRBSCSCRI6N9;614;03.767.538/0001-14;Pulverizado;Híbrido;Pulverizado;Financiamento Imobiliário;Híbrido;Júnior;Pública;CRI/2011/058;353.144,29;20/04/2012;
11I0019326;AMBOS;03.767.538/0001-14;36.113.876/0001-91;1;259;52;15.887.997,84;20/09/2011;20/09/2031;02/06/2012;IGP-M;;8,7;360;Percentual variavel, periodos uniformes, sobre valor remanescente;BRBSCSCRI6P4;615;03.767.538/0001-14;Pulverizado;Híbrido;Pulverizado;Financiamento Imobiliário;Híbrido;Sênior;Pública;CRI/2011/052;305.538,42;20/11/2011;
11I0019327;AMBOS;03.767.538/0001-14;36.113.876/0001-91;1;260;5;1.765.333,05;20/09/2011;20/09/2031;02/06/2012;IGP-M;;43,7378;360;Percentual variavel, periodos uniformes, sobre valor remanescente;BRBSCSCRI6Q2;615;03.767.538/0001-14;Pulverizado;Híbrido;Pulverizado;Financiamento Imobiliário;Híbrido;Júnior;Pública;CRI/2011/053;353.066,61;20/04/2012;
11I0023085;ANBIMA;02.105.040/0001-23;17.343.682/0001-38;2;167;253;84.556.731,49;26/09/2011;;;IGP-M;;8,4;;Variável;BRCBSCCRI1I8;772;60.746.948/0001-12;Pulverizado;Corporativo;Pulverizado;Compra e Venda;Comercial / Lajes Corporativas;Sênior;Pública de Esforços Restritos;;334.216,33;09/12/2011;
11I0023087;ANBIMA;02.105.040/0001-23;17.343.682/0001-38;2;168;44;14.921.776,32;26/09/2011;;;IGP-M;;8,4;;Variável;BRCBSCCRI1J6;772;60.746.948/0001-12;Pulverizado;Corporativo;Pulverizado;Compra e Venda;Comercial / Lajes Corporativas;Subordinada;Pública de Esforços Restritos;;339.131,28;09/12/2011;
11J0012951;AMBOS;03.767.538/0001-14;36.113.876/0001-91;1;262;11;3.541.857,88;20/10/2011;20/10/2041;27/06/2012;IGP-M;;44,8125;360;Percentual variavel, periodos uniformes, sobre valor remanescente;BRBSCSCRI6T6;616;02.332.886/0001-04;Pulverizado;Híbrido;Pulverizado;Financiamento Imobiliário;Híbrido;Júnior;Pública;CRI/2011/055;321.987,08;20/12/2014;
11J0018310;AMBOS;03.767.538/0001-14;36.113.876/0001-91;1;264;12;3.738.925,08;20/10/2011;20/12/2040;15/06/2012;PREFIXADO;;39,6059;360;Percentual variavel, periodos uniformes, sobre valor remanescente;BRBSCSCRI6X8;617;03.767.538/0001-14;Pulverizado;Híbrido;Pulverizado;Financiamento Imobiliário;Híbrido;Júnior;Pública;CRI/2011/057;311.577,09;20/05/2012;
11K0018241;AMBOS;03.767.538/0001-14;36.113.876/0001-91;1;269;89;26.994.598,01;20/11/2011;20/11/2041;14/05/2012;IGP-M;;8;360;Percentual variavel, periodos uniformes, sobre valor remanescente;BRBSCSCRI715;621;03.767.538/0001-14;Pulverizado;Híbrido;Pulverizado;Financiamento Imobiliário;Híbrido;Sênior;Pública;CRI/2011/064;303.310,09;20/01/2012;
11K0018243;AMBOS;03.767.538/0001-14;36.113.876/0001-91;1;270;9;2.999.399,85;20/11/2011;20/11/2041;14/05/2012;IGP-M;;51,1141;360;Percentual variavel, periodos uniformes, sobre valor remanescente;BRBSCSCRI723;621;03.767.538/0001-14;Pulverizado;Híbrido;Pulverizado;Financiamento Imobiliário;Híbrido;Júnior;Pública;CRI/2011/065;333.266,65;20/06/2012;
11K0024972;ANBIMA;02.105.040/0001-23;17.343.682/0001-38;2;171;1;20.332.635,76;30/11/2011;;;IGP-M;;12,65;;Variável;BRCBSCCRI1L2;775;60.746.948/0001-12;Pulverizado;Residencial;Pulverizado;Compra e Venda;Loteamento;Série Única;Dispensada de Registro na CVM;;20.332.635,76;07/03/2012;
11L0008530;AMBOS;03.767.538/0001-14;36.113.876/0001-91;1;265;242;242.282.000,00;09/12/2011;01/12/2031;06/06/2012;TR;;6,38;360;Percentual variavel, periodos uniformes, sobre valor remanescente;BRBSCSCRI6Y6;618;17.298.092/0001-30;Pulverizado;Híbrido;Pulverizado;Financiamento Imobiliário;Híbrido;Sênior;Pública de Esforços Restritos;;1.001.165,29;01/02/2012;
11L0008551;AMBOS;03.767.538/0001-14;36.113.876/0001-91;1;266;1;15.855.221,77;09/12/2011;01/11/2041;06/06/2012;TR;;65,4054;360;Percentual variavel, periodos variaveis(datas imputadas), sobre valor remanescente;BRBSCSCRI6Z3;618;17.298.092/0001-30;Pulverizado;Híbrido;Pulverizado;Financiamento Imobiliário;Híbrido;Júnior;Pública de Esforços Restritos;;15.855.221,77;01/02/2012;
11L0019395;AMBOS;03.767.538/0001-14;36.113.876/0001-91;1;275;9;2.960.605,08;20/12/2011;20/11/2041;07/09/2012;IGP-M;;45,7258;360;Percentual variavel, periodos uniformes, sobre valor remanescente;BRBSCSCRI772;623;03.767.538/0001-14;Pulverizado;Híbrido;Pulverizado;Financiamento Imobiliário;Híbrido;Júnior;Pública;CRI/2011/066;328.956,12;20/07/2012;
11L0019399;AMBOS;03.767.538/0001-14;36.113.876/0001-91;1;276;44;13.412.098,92;20/12/2011;20/11/2031;29/09/2012;PREFIXADO;;11,5;360;Percentual variavel, periodos uniformes, sobre valor remanescente;BRBSCSCRI780;624;03.767.538/0001-14;Pulverizado;Híbrido;Pulverizado;Financiamento Imobiliário;Híbrido;Sênior;Pública;CRI/2011/067;304.820,43;20/02/2012;
11L0019402;AMBOS;03.767.538/0001-14;36.113.876/0001-91;1;277;7;2.366.841,05;20/12/2011;20/11/2031;26/09/2012;PREFIXADO;;40,613;360;Percentual variavel, periodos uniformes, sobre valor remanescente;BRBSCSCRI798;624;03.767.538/0001-14;Pulverizado;Híbrido;Pulverizado;Financiamento Imobiliário;Híbrido;Júnior;Pública;CRI/2011/068;338.120,15;20/07/2012;
11L0019692;AMBOS;02.105.040/0001-23;17.343.682/0001-38;2;166;1;688.821.166,80;14/12/2011;01/12/2031;11/06/2012;TR;;6,38;360;Percentual variavel, periodos variaveis(datas imputadas), sobre valor remanescente;BRCBSCCRI1M0;771;90.400.888/0001-42;Pulverizado;Residencial;Pulverizado;Financiamento Imobiliário;Apartamentos ou Casas;Série Única;Pública de Esforços Restritos;;688.821.166,80;01/02/2012;
11L0019693;AMBOS;02.105.040/0001-23;17.343.682/0001-38;2;165;1;317.069.680,00;14/12/2011;01/12/2031;11/06/2012;TR;;6,38;360;Percentual variavel, periodos uniformes, sobre valor remanescente;BRCBSCCRI1N8;770;17.298.092/0001-30;Pulverizado;Residencial;Pulverizado;Financiamento Imobiliário;Apartamentos ou Casas;Série Única;Pública de Esforços Restritos;;317.069.680,00;01/01/2012;
11L0028804;ANBIMA;02.105.040/0001-23;17.343.682/0001-38;2;175;190;63.693.074,90;05/12/2011;;;IGP-M;;10,5;;Variável;BRCBSCCRI1P3;776;60.746.948/0001-12;Corporativo;Corporativo;Concentrado;Locação;Comercial / Lajes Corporativas;Série Única;Pública de Esforços Restritos;;335.226,71;09/02/2012;
12B0038617;AMBOS;03.767.538/0001-14;36.113.876/0001-91;1;278;135;135.000.000,00;29/02/2012;27/02/2026;24/08/2012;TR;;10,45;360;Percentual variavel, periodos variaveis(datas imputadas), sobre valor remanescente;BRBSCSCRI7B2 ;625;17.298.092/0001-30;Corporativo;Corporativo;Concentrado;Compra e Venda;Comercial / Lajes Corporativas;Série Única;Pública de Esforços Restritos;;1.000.000,00;28/03/2012;
12G0033037;ANBIMA;02.105.040/0001-23;17.343.682/0001-38;2;186;1;50.000.000,00;17/07/2012;;;DI +  Spread;;2;;Variável;BRCBSCCRI1Y5;785;60.746.948/0001-12;Corporativo;Corporativo;Concentrado;Locação;Shopping / Lojas;Série Única;Pública de Esforços Restritos;;50.000.000,00;17/08/2012;
12K0004334;AMBOS;03.767.538/0001-14;36.113.876/0001-91;1;294;101;101.251.000,00;07/11/2012;22/11/2032;07/05/2013;TR;;9,55;360;Percentual variavel, periodos variaveis(datas imputadas), sobre valor remanescente;BRBSCSCRI7M9;633;17.298.092/0001-30;Corporativo;Corporativo;Concentrado;Financiamento Imobiliário;Comercial / Lajes Corporativas;Série Única;Pública de Esforços Restritos;;1.002.485,15;20/11/2013;
12K0011912;AMBOS;03.767.538/0001-14;17.343.682/0001-38;1;292;143;143.064.256,88;14/11/2012;14/11/2022;13/05/2013;IPCA;;8,75;360;Percentual variavel, periodos uniformes, sobre valor remanescente;BRBSCSCRI7N7;632;02.332.886/0001-04;Pulverizado;Residencial;Pulverizado;Compra e Venda;Loteamento;Sênior;Pública de Esforços Restritos;;1.000.449,35;14/02/2013;15.493.376/0001-52
12L0002440;ANBIMA;02.105.040/0001-23;36.113.876/0001-91;2;187;116;38.824.360,16;04/12/2012;;;IPCA;;3,67;;Variável;BRCBSCCRI214;786;17.298.092/0001-30;Corporativo;Corporativo;Concentrado;Locação;Logístico;Série Única;Pública de Esforços Restritos;;334.692,76;08/02/2013;
12L0033171;AMBOS;03.767.538/0001-14;36.113.876/0001-91;1;232;125;37.597.513,95;27/12/2012;12/11/2027;27/06/2013;IGP-M;;6;252;Percentual variavel, periodos variaveis(datas imputadas), sobre valor remanescente;BRBSCSCRI7Q0 ;598;17.298.092/0001-30;Corporativo;Corporativo;Concentrado;Locação;Industrial;Série Única;Pública de Esforços Restritos;;300.780,11;15/02/2013;15.493.376/0001-52
13A0022351;ANBIMA;02.105.040/0001-23;17.343.682/0001-38;2;190;81;27.176.457,42;15/01/2013;;;IGP-M;;6,4;;Variável;;788;60.746.948/0001-12;Pulverizado;Corporativo;Pulverizado;Compra e Venda;Comercial / Lajes Corporativas;Sênior;Pública de Esforços Restritos;;335.511,82;05/04/2013;
13A0022586;ANBIMA;02.105.040/0001-23;17.343.682/0001-38;2;191;14;4.795.845,46;15/01/2013;;;IGP-M;;6,4;;Variável;;788;60.746.948/0001-12;Pulverizado;Corporativo;Pulverizado;Compra e Venda;Comercial / Lajes Corporativas;Subordinada;Pública de Esforços Restritos;;342.560,39;05/04/2013;
13B0002737;AMBOS;03.767.538/0001-14;36.113.876/0001-91;1;297;89;26.947.854,32;04/02/2013;04/05/2042;02/08/2013;IGP-M;;6;360;Percentual variavel, periodos uniformes, sobre valor remanescente;BRBSCSCRI7V0;636;03.767.538/0001-14;Pulverizado;Híbrido;Pulverizado;Financiamento Imobiliário;Híbrido;Sênior;Pública;CRI/2013/001;302.784,88;04/04/2013;
13B0002738;AMBOS;03.767.538/0001-14;36.113.876/0001-91;1;298;9;2.994.206,04;04/02/2013;04/05/2042;02/08/2013;IGP-M;;54,1551;360;Percentual variavel, periodos uniformes, sobre valor remanescente;BRBSCSCRI7W8;636;03.767.538/0001-14;Pulverizado;Híbrido;Pulverizado;Financiamento Imobiliário;Híbrido;Júnior;Pública;CRI/2013/002;332.689,56;04/09/2013;
13B0036132;ANBIMA;02.105.040/0001-23;17.343.682/0001-38;2;206;179;59.804.829,01;27/02/2013;;;IPCA;;6,5;;Variável;BRCBSCCRI2G0;802;60.746.948/0001-12;Corporativo;Corporativo;Concentrado;Locação;Logístico;Série Única;Pública de Esforços Restritos;;334.105,19;11/03/2013;
13C0000001;ANBIMA;02.105.040/0001-23;17.343.682/0001-38;2;194;12;4.159.889,88;01/03/2013;;;DI;111,9;0;;Variável;BRCBSCCRI248;790;90.400.888/0001-42;Pulverizado;Residencial;Pulverizado;Financiamento Imobiliário;Apartamentos ou Casas;Série Única;Pública de Esforços Restritos;;346.657,49;08/04/2013;02.295.585/0001-40
13C0000003;ANBIMA;02.105.040/0001-23;17.343.682/0001-38;2;195;12;4.172.104,32;01/03/2013;;;DI;111,9;0;;Variável;BRCBSCCRI255;791;90.400.888/0001-42;Pulverizado;Residencial;Pulverizado;Financiamento Imobiliário;Apartamentos ou Casas;Série Única;Pública de Esforços Restritos;;347.675,36;08/04/2013;02.295.585/0001-40
13C0000006;ANBIMA;02.105.040/0001-23;17.343.682/0001-38;2;196;12;4.167.533,28;01/03/2013;;;DI;111,9;0;;Variável;BRCBSCCRI263;792;90.400.888/0001-42;Pulverizado;Residencial;Pulverizado;Financiamento Imobiliário;Apartamentos ou Casas;Série Única;Pública de Esforços Restritos;;347.294,44;08/04/2013;02.295.585/0001-40
13C0000007;ANBIMA;02.105.040/0001-23;17.343.682/0001-38;2;197;12;4.164.632,40;01/03/2013;;;DI;111,9;0;;Variável;BRCBSCCRI271;793;90.400.888/0001-42;Pulverizado;Residencial;Pulverizado;Financiamento Imobiliário;Apartamentos ou Casas;Série Única;Pública de Esforços Restritos;;347.052,70;08/04/2013;02.295.585/0001-40
13C0000008;ANBIMA;02.105.040/0001-23;17.343.682/0001-38;2;198;12;4.160.904,12;01/03/2013;;;DI;111,9;0;;Variável;BRCBSCCRI289;794;90.400.888/0001-42;Pulverizado;Residencial;Pulverizado;Financiamento Imobiliário;Apartamentos ou Casas;Série Única;Pública de Esforços Restritos;;346.742,01;08/04/2013;02.295.585/0001-40
13C0000009;ANBIMA;02.105.040/0001-23;17.343.682/0001-38;2;199;12;4.159.595,76;01/03/2013;;;DI;111,9;0;;Variável;BRCBSCCRI297;795;90.400.888/0001-42;Pulverizado;Residencial;Pulverizado;Financiamento Imobiliário;Apartamentos ou Casas;Série Única;Pública de Esforços Restritos;;346.632,98;08/04/2013;02.295.585/0001-40
13C0000010;ANBIMA;02.105.040/0001-23;17.343.682/0001-38;2;200;12;4.169.235,12;01/03/2013;;;DI;111,9;0;;Variável;BRCBSCCRI2A3;796;90.400.888/0001-42;Pulverizado;Residencial;Pulverizado;Financiamento Imobiliário;Apartamentos ou Casas;Série Única;Pública de Esforços Restritos;;347.436,26;08/04/2013;02.295.585/0001-40
13C0000011;ANBIMA;02.105.040/0001-23;17.343.682/0001-38;2;201;12;4.171.656,72;01/03/2013;;;DI;111,9;0;;Variável;BRCBSCCRI2B1;797;90.400.888/0001-42;Pulverizado;Residencial;Pulverizado;Financiamento Imobiliário;Apartamentos ou Casas;Série Única;Pública de Esforços Restritos;;347.638,06;08/04/2013;02.295.585/0001-40
13C0000017;ANBIMA;02.105.040/0001-23;17.343.682/0001-38;2;202;12;4.164.290,40;01/03/2013;;;DI;111,9;0;;Variável;BRCBSCCRI2C9;798;90.400.888/0001-42;Pulverizado;Residencial;Pulverizado;Financiamento Imobiliário;Apartamentos ou Casas;Série Única;Pública de Esforços Restritos;;347.024,20;08/04/2013;02.295.585/0001-40
13C0000018;ANBIMA;02.105.040/0001-23;17.343.682/0001-38;2;203;12;4.160.595,36;01/03/2013;;;DI;111,9;0;;Variável;BRCBSCCRI2D7;799;90.400.888/0001-42;Pulverizado;Residencial;Pulverizado;Financiamento Imobiliário;Apartamentos ou Casas;Série Única;Pública de Esforços Restritos;;346.716,28;08/04/2013;02.295.585/0001-40
13C0000019;ANBIMA;02.105.040/0001-23;17.343.682/0001-38;2;204;12;4.167.838,20;01/03/2013;;;DI;111,9;0;;Variável;BRCBSCCRI2E5;800;90.400.888/0001-42;Pulverizado;Residencial;Pulverizado;Financiamento Imobiliário;Apartamentos ou Casas;Série Única;Pública de Esforços Restritos;;347.319,85;08/04/2013;02.295.585/0001-40
13C0000020;ANBIMA;02.105.040/0001-23;17.343.682/0001-38;2;205;12;4.166.445,72;01/03/2013;;;DI;111,9;0;;Variável;BRCBSCCRI2F2;801;90.400.888/0001-42;Pulverizado;Residencial;Pulverizado;Financiamento Imobiliário;Apartamentos ou Casas;Série Única;Pública de Esforços Restritos;;347.203,81;08/04/2013;02.295.585/0001-40
13C0026996;AMBOS;03.767.538/0001-14;36.113.876/0001-91;1;300;150;45.166.666,50;20/03/2013;20/02/2043;16/09/2013;IGP-M;;5;360;Percentual variavel, periodos uniformes, sobre valor remanescente;BRBSCSCRI7Y4;637;02.332.886/0001-04;Pulverizado;Híbrido;Pulverizado;Financiamento Imobiliário;Híbrido;Sênior;Pública;CRI/2013/004;301.111,11;20/05/2013;
13C0026997;AMBOS;03.767.538/0001-14;36.113.876/0001-91;1;301;16;5.018.518,40;20/03/2013;20/02/2043;16/09/2013;IGP-M;;77,5036;360;Percentual variavel, periodos uniformes, sobre valor remanescente;BRBSCSCRI7Z1;637;02.332.886/0001-04;Pulverizado;Híbrido;Pulverizado;Financiamento Imobiliário;Híbrido;Júnior;Pública;CRI/2013/005;313.657,40;20/10/2013;
13F0049109;ANBIMA;02.105.040/0001-23;17.343.682/0001-38;2;213;150;50.081.614,50;21/06/2013;;;IGP-M;;6,63;;Variável;BRCBSCCRI2M8;807;60.746.948/0001-12;Pulverizado;Híbrido;Pulverizado;Compra e Venda;Híbrido;Sênior;Pública de Esforços Restritos;;333.877,43;19/08/2013;
13F0049110;ANBIMA;02.105.040/0001-23;17.343.682/0001-38;2;214;26;8.837.931,96;21/06/2013;;;IGP-M;;4;;Variável;BRCBSCCRI2N6;807;60.746.948/0001-12;Pulverizado;Híbrido;Pulverizado;Compra e Venda;Híbrido;Subordinada;Pública de Esforços Restritos;;339.920,46;19/08/2013;
13H0089717;ANBIMA;02.105.040/0001-23;17.343.682/0001-38;2;223;169;56.483.419,98;30/08/2013;;;TR;;8;;Variável;BRCBSCCRI2Q9;814;60.746.948/0001-12;Pulverizado;Residencial;Pulverizado;Financiamento Imobiliário;Apartamentos ou Casas;Série Única;Pública de Esforços Restritos;;334.221,42;30/09/2013;
13H0089725;ANBIMA;02.105.040/0001-23;17.343.682/0001-38;2;224;177;59.137.431,06;30/08/2013;;;TR;;8,5;;Variável;BRCBSCCRI2R7;815;60.746.948/0001-12;Pulverizado;Residencial;Pulverizado;Financiamento Imobiliário;Apartamentos ou Casas;Série Única;Pública de Esforços Restritos;;334.109,78;30/09/2013;
13H0089726;ANBIMA;02.105.040/0001-23;17.343.682/0001-38;2;225;173;57.956.356,32;30/08/2013;;;TR;;8,9;;Variável;BRCBSCCRI2S5;816;60.746.948/0001-12;Pulverizado;Residencial;Pulverizado;Financiamento Imobiliário;Apartamentos ou Casas;Série Única;Pública de Esforços Restritos;;335.007,84;30/09/2013;
13H0089727;ANBIMA;02.105.040/0001-23;17.343.682/0001-38;2;226;397;132.545.310,16;30/08/2013;;;TR;;9;;Variável;BRCBSCCRI2T3;817;60.746.948/0001-12;Pulverizado;Residencial;Pulverizado;Financiamento Imobiliário;Apartamentos ou Casas;Série Única;Pública de Esforços Restritos;;333.867,28;30/09/2013;
13H0089735;ANBIMA;02.105.040/0001-23;17.343.682/0001-38;2;227;293;97.960.571,06;30/08/2013;;;TR;;9,2;;Variável;BRCBSCCRI2U1;818;60.746.948/0001-12;Pulverizado;Residencial;Pulverizado;Financiamento Imobiliário;Apartamentos ou Casas;Série Única;Pública de Esforços Restritos;;334.336,42;30/09/2013;
13H0089736;ANBIMA;02.105.040/0001-23;17.343.682/0001-38;2;228;177;59.054.789,76;30/08/2013;;;TR;;11;;Variável;BRCBSCCRI2V9;819;60.746.948/0001-12;Pulverizado;Residencial;Pulverizado;Financiamento Imobiliário;Apartamentos ou Casas;Série Única;Pública de Esforços Restritos;;333.642,88;30/09/2013;
13H0089737;ANBIMA;02.105.040/0001-23;17.343.682/0001-38;2;229;127;42.342.692,81;30/08/2013;;;TR;;13;;Variável;BRCBSCCRI2W7;820;60.746.948/0001-12;Pulverizado;Residencial;Pulverizado;Financiamento Imobiliário;Apartamentos ou Casas;Série Única;Pública de Esforços Restritos;;333.407,03;30/09/2013;
13H0098728;CETIP;03.767.538/0001-14;17.343.682/0001-38;1;302;21.340;213.400.000,00;15/10/2013;15/10/2025;10/06/2014;IPCA;;6,4178;252;Percentual variavel, periodos variaveis(datas imputadas), sobre valor remanescente;BRBSCSCRI822;638;90.400.888/0001-42;Corporativo;Corporativo;Concentrado;Locação;Comercial / Lajes Corporativas;Série Única;Pública;CRI/2013/015;10.000,00;19/10/2016;01.813.375/0001-33
13I0049561;AMBOS;03.767.538/0001-14;36.113.876/0001-91;1;324;340;340.000.000,00;18/09/2013;10/09/2025;17/03/2014;TR;;8,92;360;Percentual variavel, periodos variaveis(datas imputadas), sobre valor remanescente;BRBSCSCRI8M7;654;17.298.092/0001-30;Corporativo;Corporativo;Concentrado;Compra e Venda;Comercial / Lajes Corporativas;Série Única;Pública de Esforços Restritos;;1.000.000,00;12/11/2013;
13J0029896;ANBIMA;02.105.040/0001-23;17.343.682/0001-38;2;230;935;311.725.175,85;15/10/2013;;;TR;;9,7;;Variável;BRCBSCCRI2X5;821;60.746.948/0001-12;Pulverizado;Residencial;Pulverizado;Financiamento Imobiliário;Apartamentos ou Casas;Série Única;Pública de Esforços Restritos;;333.395,91;15/11/2013;
13J0029897;ANBIMA;02.105.040/0001-23;17.343.682/0001-38;2;231;1.500;500.113.815,00;15/10/2013;;;TR;;10,5;;Variável;BRCBSCCRI2Y3;822;60.746.948/0001-12;Pulverizado;Residencial;Pulverizado;Financiamento Imobiliário;Apartamentos ou Casas;Série Única;Pública de Esforços Restritos;;333.409,21;15/11/2013;
13J0119974;CETIP;03.767.538/0001-14;17.343.682/0001-38;1;303;547;164.100.000,00;15/10/2013;15/10/2028;10/06/2014;IPCA;;6,5306;252;Percentual variavel, periodos variaveis(datas imputadas), sobre valor remanescente;BRBSCSCRI830;638;90.400.888/0001-42;Corporativo;Corporativo;Concentrado;Locação;Comercial / Lajes Corporativas;Série Única;Pública;CRI/2013/016;300.000,00;19/10/2016;01.813.375/0001-33
13J0119975;CETIP;03.767.538/0001-14;17.343.682/0001-38;1;304;409;122.700.000,00;15/10/2013;15/10/2031;10/06/2014;IPCA;;6,6941;252;Percentual variavel, periodos variaveis(datas imputadas), sobre valor remanescente;BRBSCSCRI848;638;90.400.888/0001-42;Corporativo;Corporativo;Concentrado;Locação;Comercial / Lajes Corporativas;Série Única;Pública;CRI/2013/017;300.000,00;19/10/2016;01.813.375/0001-33
13L0012032;AMBOS;03.767.538/0001-14;17.343.682/0001-38;1;313;1;200.663.071,86;04/12/2013;01/12/2033;01/06/2014;TR;;6,38;360;Percentual variavel, periodos uniformes, sobre valor remanescente;BRBSCSCRI8D6;645;17.298.092/0001-30;Pulverizado;Residencial;Pulverizado;Financiamento Imobiliário;Apartamentos ou Casas;Sênior;Pública de Esforços Restritos;;200.663.071,86;01/02/2014;
13L0012111;AMBOS;03.767.538/0001-14;17.343.682/0001-38;1;314;1;35.411.130,32;04/12/2013;01/07/2043;01/06/2014;TR;;30,7931;360;Percentual variavel, periodos variaveis(datas imputadas), sobre valor remanescente;BRBSCSCRI8E4;645;17.298.092/0001-30;Pulverizado;Residencial;Pulverizado;Financiamento Imobiliário;Apartamentos ou Casas;Júnior;Pública de Esforços Restritos;;35.411.130,32;01/02/2014;
14B0455020;AMBOS;02.105.040/0001-23;17.343.682/0001-38;2;232;7.049;2.349.721.484,39;26/02/2014;26/02/2031;25/08/2014;TR;;9,5;360;Percentual variavel, periodos uniformes, sobre valor remanescente;BRCBSCCRI362;823;60.746.948/0001-12;Corporativo;Corporativo;Concentrado;Financiamento Imobiliário;Industrial;Série Única;Pública de Esforços Restritos;;333.341,11;26/02/2017;
14C0138075;AMBOS;02.105.040/0001-23;17.343.682/0001-38;2;234;4.949;1.649.721.485,09;26/03/2014;26/03/2031;22/09/2014;TR;;9,5;360;Percentual variavel, periodos uniformes, sobre valor remanescente;BRCBSCCRI370;825;60.746.948/0001-12;Corporativo;Corporativo;Concentrado;Financiamento Imobiliário;Industrial;Série Única;Pública de Esforços Restritos;;333.344,41;26/03/2017;
14F0676255;AMBOS;02.105.040/0001-23;17.343.682/0001-38;2;235;100;100.000.000,00;06/06/2014;06/06/2029;03/12/2014;TR;;9,8;360;Percentual variavel, periodos uniformes, sobre valor remanescente;;826;60.746.948/0001-12;Corporativo;Corporativo;Concentrado;Financiamento Imobiliário;Shopping / Lojas;Série Única;Pública de Esforços Restritos;;1.000.000,00;06/07/2014;
14I0128497;AMBOS;03.767.538/0001-14;36.113.876/0001-91;1;352;188;188.968.977,32;22/09/2014;20/09/2026;23/03/2015;IPCA;;9,4467;360;Percentual variavel, periodos uniformes, sobre valor remanescente;BRBSCSCRI9E2;668;60.746.948/0001-12;Corporativo;Corporativo;Concentrado;Locação;Comercial / Lajes Corporativas;Série Única;Pública de Esforços Restritos;;1.005.154,13;20/10/2014;
14J0045610;AMBOS;03.767.538/0001-14;36.113.876/0001-91;1;353;370;22.375.360,02;10/10/2014;25/05/2043;08/04/2015;IGP-M;;6,7;360;Percentual variavel, periodos uniformes, sobre valor remanescente;-;669;03.767.538/0001-14;Pulverizado;Híbrido;Pulverizado;Compra e Venda;Híbrido;Sênior;Pública;CVM/SRE/CRI/2014-013;302.369,73;25/11/2014;14.222.571/0001-85
14J0045626;AMBOS;03.767.538/0001-14;36.113.876/0001-91;1;354;8;2.486.151,12;10/10/2014;25/05/2043;08/04/2015;IGP-M;;37,3434;360;Percentual variavel, periodos uniformes, sobre valor remanescente;-;669;03.767.538/0001-14;Pulverizado;Híbrido;Pulverizado;Compra e Venda;Híbrido;Júnior;Pública;CVM/SRE/CRI/2014-014;310.768,89;25/04/2015;
14K0232947;ANBIMA;02.105.040/0001-23;17.343.682/0001-38;2;243;65;65.000.000,00;21/11/2014;;;TR;;9,9;;Variável;BRCBSCCRI388;10;60.746.948/0001-12;Corporativo;Corporativo;Concentrado;Compra e Venda;Logístico;Série Única;Pública de Esforços Restritos;;1.000.000,00;12/06/2018;
14L0160500;ANBIMA;02.105.040/0001-23;17.343.682/0001-38;2;241;272;272.000.000,00;12/12/2014;;;TR;;9,5;;Variável;BRCBSCCRI3A1;20;60.746.948/0001-12;Corporativo;Corporativo;Concentrado;Financiamento Imobiliário;Híbrido;Série Única;Pública de Esforços Restritos;;1.000.000,00;13/06/2018;
14L0160501;ANBIMA;02.105.040/0001-23;17.343.682/0001-38;2;240;78;78.000.000,00;12/12/2014;;;TR;;9,5;;Variável;BRCBSCCRI396;19;60.746.948/0001-12;Corporativo;Corporativo;Concentrado;Financiamento Imobiliário;Shopping / Lojas;Série Única;Pública de Esforços Restritos;;1.000.000,00;13/06/2018;
14L0204953;AMBOS;02.105.040/0001-23;17.343.682/0001-38;2;248;170;170.000.000,00;26/12/2014;26/12/2026;19/06/2015;TR;;9,6;252;Percentual variavel, periodos variaveis(datas imputadas), sobre valor remanescente;;124;60.746.948/0001-12;Corporativo;Corporativo;Concentrado;Financiamento Imobiliário;Híbrido;Série Única;Pública de Esforços Restritos;;1.000.000,00;30/12/2015;
15B0073185;AMBOS;02.105.040/0001-23;17.343.682/0001-38;2;239;191;191.580.692,00;05/02/2015;15/01/2030;30/07/2015;TR;;9,4;360;Percentual variavel, periodos variaveis(datas imputadas), sobre valor remanescente;BRCBSCCRI3F0;38;60.746.948/0001-12;Corporativo;Corporativo;Concentrado;Financiamento Imobiliário;Logístico;Série Única;Pública de Esforços Restritos;;1.003.040,27;19/01/2016;
15C0052157;AMBOS;03.767.538/0001-14;36.113.876/0001-91;1;359;53;53.000.000,00;10/03/2015;17/02/2027;03/09/2015;TR;;6;360;Percentual variavel, periodos variaveis(datas imputadas), sobre valor remanescente;BRBSCSCRI9M5;43;17.298.092/0001-30;Corporativo;Corporativo;Concentrado;Compra e Venda;Comercial / Lajes Corporativas;Série Única;Pública de Esforços Restritos;;1.000.000,00;18/03/2015;
15C0182263;ANBIMA;02.105.040/0001-23;17.343.682/0001-38;2;252;535;535.687.009,35;27/03/2015;;;TR;;8,5045;;Variável;BRCBSCCRI3G8;52;60.746.948/0001-12;Pulverizado;Residencial;Pulverizado;Compra e Venda;Apartamentos ou Casas;Série Única;Pública de Esforços Restritos;;1.001.284,13;27/04/2015;
15C0198226;AMBOS;02.105.040/0001-23;17.343.682/0001-38;2;251;700;700.000.000,00;24/03/2015;20/04/2022;13/10/2015;TR;;8,8;360;Percentual variavel, periodos variaveis(datas imputadas), sobre valor remanescente;;57;60.746.948/0001-12;Corporativo;Corporativo;Concentrado;Financiamento Imobiliário;Infraestrutura;Série Única;Pública de Esforços Restritos;;1.000.000,00;24/04/2018;
15D0565359;AMBOS;02.105.040/0001-23;17.343.682/0001-38;2;242;59;59.000.000,00;27/04/2015;27/04/2025;23/10/2015;TR;;9,8;360;Percentual variavel, periodos variaveis(datas imputadas), sobre valor remanescente;BRCBSCCRI3H6;150;60.746.948/0001-12;Corporativo;Corporativo;Concentrado;Financiamento Imobiliário;Industrial;Sênior;Pública de Esforços Restritos;;1.000.000,00;29/04/2016;
15E0102181;ANBIMA;02.105.040/0001-23;17.343.682/0001-38;2;254;517;517.933.867,56;21/05/2015;;;TR;;8,9;;Variável;;85;60.746.948/0001-12;Corporativo;Corporativo;Concentrado;Financiamento Imobiliário;Infraestrutura;Série Única;Pública de Esforços Restritos;;1.001.806,32;15/08/2016;
15E0186329;AMBOS;03.767.538/0001-14;36.113.876/0001-91;1;361;89;26.708.843,93;20/05/2015;20/03/2040;16/11/2015;IGP-M;;7,2;360;Percentual variavel, periodos uniformes, sobre valor remanescente;BRBSCSCRI9O1;118;03.767.538/0001-14;Pulverizado;Híbrido;Pulverizado;Compra e Venda;Híbrido;Sênior;Pública;CVM/SRE/CRI/2015-006;300.099,37;20/07/2015;
15E0186330;AMBOS;03.767.538/0001-14;36.113.876/0001-91;1;362;9;2.967.649,29;20/05/2015;20/03/2040;16/11/2015;IGP-M;;38,373;360;Percentual variavel, periodos uniformes, sobre valor remanescente;BRBSCSCRI9P8;118;03.767.538/0001-14;Pulverizado;Híbrido;Pulverizado;Compra e Venda;Híbrido;Júnior;Pública;CVM/SRE/CRI/2015-007;329.738,81;20/12/2015;
15H0679569;AMBOS;02.105.040/0001-23;36.113.876/0001-91;2;256;17;17.300.044,40;01/08/2015;01/06/2026;12/02/2016;IGP-M;;7,2298;360;Percentual variavel, periodos variaveis(datas imputadas), sobre valor remanescente;BRCBSCCRI3K0;103;60.746.948/0001-12;Corporativo;Corporativo;Concentrado;Locação;Comercial / Lajes Corporativas;Série Única;Pública de Esforços Restritos;;1.017.649,67;01/09/2015;
15I0152165;AMBOS;02.105.040/0001-23;17.343.682/0001-38;2;258;26;26.569.978,37;01/09/2015;28/04/2041;17/03/2016;TR;;10,03;360;Percentual variavel, periodos variaveis(datas imputadas), sobre valor remanescente;BRCBSCCRI3L8;111;60.746.948/0001-12;Pulverizado;Residencial;Pulverizado;Compra e Venda;Apartamentos ou Casas;Sênior;Pública de Esforços Restritos;;1.021.922,25;06/10/2015;
15I0152167;AMBOS;02.105.040/0001-23;17.343.682/0001-38;2;259;6;6.615.729,30;01/09/2015;28/10/2040;17/03/2016;TR;;10,91;360;Percentual variavel, periodos variaveis(datas imputadas), sobre valor remanescente;BRCBSCCRI3M6;111;60.746.948/0001-12;Pulverizado;Residencial;Pulverizado;Compra e Venda;Apartamentos ou Casas;Júnior;Pública de Esforços Restritos;;1.102.621,55;06/10/2015;
15I0672691;AMBOS;03.767.538/0001-14;36.113.876/0001-91;1;366;88;26.520.011,76;20/09/2015;20/04/2038;18/03/2016;IGP-M;;8;360;Percentual variavel, periodos uniformes, sobre valor remanescente;BRBSCSCRI9R4;154;03.767.538/0001-14;Pulverizado;Híbrido;Pulverizado;Financiamento Imobiliário;Apartamentos ou Casas;Sênior;Pública;CVM/SRE/CRI/2015-013;301.363,77;20/11/2015;14.222.571/0001-85
15I0672693;AMBOS;03.767.538/0001-14;36.113.876/0001-91;1;367;9;2.946.668,04;20/09/2015;20/04/2038;18/03/2016;IGP-M;;25;360;Percentual variavel, periodos uniformes, sobre valor remanescente;BRBSCSCRI9S2;154;03.767.538/0001-14;Pulverizado;Híbrido;Pulverizado;Financiamento Imobiliário;Apartamentos ou Casas;Júnior;Pública;CVM/SRE/CRI/2015-014;327.407,56;20/04/2016;
15I0673051;AMBOS;03.767.538/0001-14;36.113.876/0001-91;1;368;37;11.218.899,50;20/09/2015;20/12/2040;18/03/2016;IGP-M;;9;360;Percentual variavel, periodos uniformes, sobre valor remanescente;BRBSCSCRI9T0;155;03.767.538/0001-14;Pulverizado;Híbrido;Pulverizado;Financiamento Imobiliário;Híbrido;Série Única;Pública;CVM/SRE/CRI/2015-015;303.213,50;20/12/2015;
15L0648450;AMBOS;03.767.538/0001-14;36.113.876/0001-91;1;369;511;25.564.247,25;15/12/2015;15/07/2035;13/06/2016;IGP-M;;8;360;Percentual variavel, periodos uniformes, sobre valor remanescente;BRBSCSCRI9U8;210;03.767.538/0001-14;Pulverizado;Residencial;Pulverizado;Financiamento Imobiliário;Apartamentos ou Casas;Sênior;Pública;CVM/SRE/CRI/2015-019;300.755,85;15/02/2016;
15L0648481;AMBOS;03.767.538/0001-14;36.113.876/0001-91;1;370;9;2.840.471,91;15/12/2015;15/07/2035;13/06/2016;IGP-M;;22;360;Percentual variavel, periodos uniformes, sobre valor remanescente;BRBSCSCRI9V6;210;03.767.538/0001-14;Pulverizado;Residencial;Pulverizado;Financiamento Imobiliário;Apartamentos ou Casas;Subordinada;Pública;CVM/SRE/CRI/2015-019;315.607,99;15/07/2016;
15L0676023;AMBOS;03.767.538/0001-14;36.113.876/0001-91;1;371;451;22.581.446,25;15/12/2015;15/07/2035;13/06/2016;IGP-M;;8;360;Percentual variavel, periodos uniformes, sobre valor remanescente;BRBSCSCRI9W4;212;03.767.538/0001-14;Pulverizado;Residencial;Pulverizado;Financiamento Imobiliário;Apartamentos ou Casas;Sênior;Pública;CVM/SRE/CRI/2015-021;50.069,73;15/02/2016;
15L0676026;AMBOS;03.767.538/0001-14;36.113.876/0001-91;1;372;8;2.509.049,60;15/12/2015;15/07/2035;13/06/2016;IGP-M;;21,6892;360;Percentual variavel, periodos uniformes, sobre valor remanescente;BRBSCSCRI9X2;212;03.767.538/0001-14;Pulverizado;Residencial;Pulverizado;Financiamento Imobiliário;Apartamentos ou Casas;Subordinada;Pública;CVM/SRE/CRI/2015-021;313.631,20;15/07/2016;
16D0719081;ANBIMA;02.105.040/0001-23;36.113.876/0001-91;2;267;330;330.348.016,80;29/04/2016;;;TR;;7,7151;;Variável;BRCBSCCRI3R5;172;17.298.092/0001-30;Pulverizado;Residencial;Pulverizado;Financiamento Imobiliário;Apartamentos ou Casas;Série Única;Pública de Esforços Restritos;;1.001.054,60;10/07/2016;
16L0074884;AMBOS;02.105.040/0001-23;17.343.682/0001-38;2;272;300.000;300.000.000,00;15/12/2016;15/12/2022;28/06/2017;DI;95;0;252;;BRCBSCCRI3T1;240;60.746.948/0001-12;Corporativo;Corporativo;Concentrado;Financiamento Imobiliário;Shopping / Lojas;Série Única;Pública;CVM/SRE/CRI/2016-036;1.000,00;15/12/2022;01.813.375/0001-33
17F0023368;AMBOS;02.105.040/0001-23;17.343.682/0001-38;2;288;300.000;300.000.000,00;14/06/2017;14/06/2023;03/11/2017;DI;95;0;252;;BRCBSCCRI487;314;17.298.092/0001-30;Corporativo;Corporativo;Concentrado;Financiamento Imobiliário;Shopping / Lojas;Série Única;Pública de Esforços Restritos;;1.000,00;14/06/2023;01.813.375/0001-33
19E0309835;AMBOS;02.105.040/0001-23;36.113.876/0001-91;2;307;150.000;150.000.000,00;21/05/2019;18/05/2026;14/11/2019;DI;102;0;252;Percentual variavel, periodos variaveis(datas imputadas), sobre valor remanescente;BRCBSCCRI4M4;1106;17.298.092/0001-30;Corporativo;Corporativo;Concentrado;Híbrido;Comercial / Lajes Corporativas;Série Única;Pública de Esforços Restritos;;1.000,00;16/05/2024;
08E0005789;AMBOS;03.767.538/0001-14;36.113.876/0001-91;1;96;4;4.558.173,08;01/05/2008;01/09/2027;03/11/2008;TR;;15,6299;360;Percentual variavel, periodos uniformes, sobre valor remanescente;BRBSCSCRI2D9;530;03.767.538/0001-14;Pulverizado;Residencial;Pulverizado;Financiamento Imobiliário;Apartamentos ou Casas;Júnior;Pública;CRI/2008/014;1.139.543,27;01/06/2010;
